"FilePath","Extension","Lines"
"D:\OneDrive\GitHub\OpenChronicle\openchronicle-core\.dockerignore",".dockerignore","84"
"D:\OneDrive\GitHub\OpenChronicle\openchronicle-core\.gitignore",".gitignore","422"
"D:\OneDrive\GitHub\OpenChronicle\openchronicle-core\codebase_summary.csv",".csv","3"
"D:\OneDrive\GitHub\OpenChronicle\openchronicle-core\CREDITS.md",".md","25"
"D:\OneDrive\GitHub\OpenChronicle\openchronicle-core\DISCLAIMER.md",".md","129"
"D:\OneDrive\GitHub\OpenChronicle\openchronicle-core\docker-compose.yaml",".yaml","62"
"D:\OneDrive\GitHub\OpenChronicle\openchronicle-core\Dockerfile","","61"
"D:\OneDrive\GitHub\OpenChronicle\openchronicle-core\LICENSE-content.md",".md","26"
"D:\OneDrive\GitHub\OpenChronicle\openchronicle-core\LICENSE.md",".md","30"
"D:\OneDrive\GitHub\OpenChronicle\openchronicle-core\main.py",".py","694"
"D:\OneDrive\GitHub\OpenChronicle\openchronicle-core\NOTICE.md",".md","19"
"D:\OneDrive\GitHub\OpenChronicle\openchronicle-core\PRIVACY.md",".md","120"
"D:\OneDrive\GitHub\OpenChronicle\openchronicle-core\pyproject.toml",".toml","23"
"D:\OneDrive\GitHub\OpenChronicle\openchronicle-core\README.md",".md","262"
"D:\OneDrive\GitHub\OpenChronicle\openchronicle-core\README.md.old.ignoreme",".ignoreme","37"
"D:\OneDrive\GitHub\OpenChronicle\openchronicle-core\REFACTORING_MASTER_PLAN.md",".md","1041"
"D:\OneDrive\GitHub\OpenChronicle\openchronicle-core\requirements.txt",".txt","36"
"D:\OneDrive\GitHub\OpenChronicle\openchronicle-core\TERMS.md",".md","32"
"D:\OneDrive\GitHub\OpenChronicle\openchronicle-core\TEST_SUITE_ASSESSMENT.md",".md","205"
"D:\OneDrive\GitHub\OpenChronicle\openchronicle-core\.continue\config.yaml",".yaml","102"
"D:\OneDrive\GitHub\OpenChronicle\openchronicle-core\.copilot\development_alignment_checklist.md",".md","65"
"D:\OneDrive\GitHub\OpenChronicle\openchronicle-core\.copilot\development_config.md",".md","107"
"D:\OneDrive\GitHub\OpenChronicle\openchronicle-core\.copilot\PHASE_3_COMPLETION_SUMMARY.md",".md","115"
"D:\OneDrive\GitHub\OpenChronicle\openchronicle-core\.copilot\phase_3_day_3_performance_monitor_complete.md",".md","124"
"D:\OneDrive\GitHub\OpenChronicle\openchronicle-core\.copilot\phase_3_day_4_configuration_manager_complete.md",".md","165"
"D:\OneDrive\GitHub\OpenChronicle\openchronicle-core\.copilot\phase_4_1_complete.md",".md","37"
"D:\OneDrive\GitHub\OpenChronicle\openchronicle-core\.copilot\phase_4_2_complete.md",".md","107"
"D:\OneDrive\GitHub\OpenChronicle\openchronicle-core\.copilot\phase_4_character_analysis.md",".md","89"
"D:\OneDrive\GitHub\OpenChronicle\openchronicle-core\.copilot\project_status.json",".json","538"
"D:\OneDrive\GitHub\OpenChronicle\openchronicle-core\.copilot\README.md",".md","261"
"D:\OneDrive\GitHub\OpenChronicle\openchronicle-core\.copilot\storypack_structure_guide.md",".md","224"
"D:\OneDrive\GitHub\OpenChronicle\openchronicle-core\.copilot\architecture\module_interactions.md",".md","172"
"D:\OneDrive\GitHub\OpenChronicle\openchronicle-core\.copilot\config\model_registry.json",".json","46"
"D:\OneDrive\GitHub\OpenChronicle\openchronicle-core\.copilot\config\models\ollama.json",".json","61"
"D:\OneDrive\GitHub\OpenChronicle\openchronicle-core\.copilot\config\models\openai.json",".json","54"
"D:\OneDrive\GitHub\OpenChronicle\openchronicle-core\.copilot\examples\dynamic_model_management.py",".py","480"
"D:\OneDrive\GitHub\OpenChronicle\openchronicle-core\.copilot\examples\transformer_content_analysis.py",".py","228"
"D:\OneDrive\GitHub\OpenChronicle\openchronicle-core\.copilot\examples\storypacks\fantasy-tavern\meta.yaml",".yaml","39"
"D:\OneDrive\GitHub\OpenChronicle\openchronicle-core\.copilot\examples\storypacks\fantasy-tavern\style_guide.md",".md","60"
"D:\OneDrive\GitHub\OpenChronicle\openchronicle-core\.copilot\examples\storypacks\fantasy-tavern\canon\wanderers_rest_tavern.md",".md","115"
"D:\OneDrive\GitHub\OpenChronicle\openchronicle-core\.copilot\examples\storypacks\fantasy-tavern\characters\gareth_ironwood.json",".json","69"
"D:\OneDrive\GitHub\OpenChronicle\openchronicle-core\.copilot\patterns\core_module_pattern.py",".py","163"
"D:\OneDrive\GitHub\OpenChronicle\openchronicle-core\.copilot\patterns\development_guidelines.md",".md","402"
"D:\OneDrive\GitHub\OpenChronicle\openchronicle-core\.copilot\patterns\dynamic_model_management.md",".md","169"
"D:\OneDrive\GitHub\OpenChronicle\openchronicle-core\.copilot\patterns\token_management.py",".py","520"
"D:\OneDrive\GitHub\OpenChronicle\openchronicle-core\.copilot\patterns\transformer_analysis_pattern.md",".md","197"
"D:\OneDrive\GitHub\OpenChronicle\openchronicle-core\.copilot\tasks\mvp_roadmap.md",".md","228"
"D:\OneDrive\GitHub\OpenChronicle\openchronicle-core\.copilot\tasks\priority_matrix.json",".json","123"
"D:\OneDrive\GitHub\OpenChronicle\openchronicle-core\.copilot\tasks\README.md",".md","86"
"D:\OneDrive\GitHub\OpenChronicle\openchronicle-core\.copilot\tasks\sprint_action_items.md",".md","304"
"D:\OneDrive\GitHub\OpenChronicle\openchronicle-core\.copilot\tasks\sprint_planning_guide.md",".md","60"
"D:\OneDrive\GitHub\OpenChronicle\openchronicle-core\.copilot\tasks\task_registry.json",".json","535"
"D:\OneDrive\GitHub\OpenChronicle\openchronicle-core\.copilot\tasks\engines\character_consistency_engine.md",".md","77"
"D:\OneDrive\GitHub\OpenChronicle\openchronicle-core\.copilot\tasks\engines\character_interaction_engine.md",".md","101"
"D:\OneDrive\GitHub\OpenChronicle\openchronicle-core\.copilot\tasks\engines\character_stat_engine.md",".md","114"
"D:\OneDrive\GitHub\OpenChronicle\openchronicle-core\.copilot\tasks\engines\emotional_stability_engine.md",".md","93"
"D:\OneDrive\GitHub\OpenChronicle\openchronicle-core\.copilot\tasks\engines\image_generation_engine.md",".md","22"
"D:\OneDrive\GitHub\OpenChronicle\openchronicle-core\.copilot\tasks\engines\intelligent_model_recommendation_system.md",".md","0"
"D:\OneDrive\GitHub\OpenChronicle\openchronicle-core\.copilot\tasks\engines\intelligent_response_engine.md",".md","88"
"D:\OneDrive\GitHub\OpenChronicle\openchronicle-core\.copilot\tasks\engines\memory_consistency_engine.md",".md","143"
"D:\OneDrive\GitHub\OpenChronicle\openchronicle-core\.copilot\tasks\engines\narrative_dice_engine.md",".md","62"
"D:\OneDrive\GitHub\OpenChronicle\openchronicle-core\.copilot\tasks\engines\performance_diagnostic_optimization_system.md",".md","0"
"D:\OneDrive\GitHub\OpenChronicle\openchronicle-core\.copilot\tasks\engines\smart_api_key_validation_graceful_skipping.md",".md","0"
"D:\OneDrive\GitHub\OpenChronicle\openchronicle-core\.copilot\tasks\safety\content_disclaimer.txt",".txt","15"
"D:\OneDrive\GitHub\OpenChronicle\openchronicle-core\.copilot\tasks\safety\content_risk_framework.md",".md","153"
"D:\OneDrive\GitHub\OpenChronicle\openchronicle-core\.copilot\tasks\safety\ethical_content_safety.md",".md","58"
"D:\OneDrive\GitHub\OpenChronicle\openchronicle-core\.copilot\tasks\safety\legal_liability_framework.md",".md","101"
"D:\OneDrive\GitHub\OpenChronicle\openchronicle-core\.copilot\tasks\utilities\storypack_importer.md",".md","43"
"D:\OneDrive\GitHub\OpenChronicle\openchronicle-core\.copilot\tasks\utilities\stress_testing_framework.md",".md","59"
"D:\OneDrive\GitHub\OpenChronicle\openchronicle-core\.github\copilot-instructions.md",".md","84"
"D:\OneDrive\GitHub\OpenChronicle\openchronicle-core\.github\DEVELOPMENT_STATUS.md",".md","32"
"D:\OneDrive\GitHub\OpenChronicle\openchronicle-core\.github\MODULE_STATUS.md",".md","44"
"D:\OneDrive\GitHub\OpenChronicle\openchronicle-core\.github\TASK_REGISTRY.md",".md","90"
"D:\OneDrive\GitHub\OpenChronicle\openchronicle-core\.pytest_cache\.gitignore",".gitignore","2"
"D:\OneDrive\GitHub\OpenChronicle\openchronicle-core\.pytest_cache\CACHEDIR.TAG",".TAG","4"
"D:\OneDrive\GitHub\OpenChronicle\openchronicle-core\.pytest_cache\README.md",".md","5"
"D:\OneDrive\GitHub\OpenChronicle\openchronicle-core\.pytest_cache\v\cache\lastfailed","","38"
"D:\OneDrive\GitHub\OpenChronicle\openchronicle-core\.pytest_cache\v\cache\nodeids","","637"
"D:\OneDrive\GitHub\OpenChronicle\openchronicle-core\.vscode\launch.json",".json","33"
"D:\OneDrive\GitHub\OpenChronicle\openchronicle-core\.vscode\settings.json",".json","27"
"D:\OneDrive\GitHub\OpenChronicle\openchronicle-core\.vscode\tasks.json",".json","60"
"D:\OneDrive\GitHub\OpenChronicle\openchronicle-core\analysis\CODEBASE_REVIEW_ANALYSIS.md",".md","361"
"D:\OneDrive\GitHub\OpenChronicle\openchronicle-core\analysis\COMPREHENSIVE_TEMPLATE_ANALYSIS.md",".md","332"
"D:\OneDrive\GitHub\OpenChronicle\openchronicle-core\analysis\CRITICAL_PROTOTYPE_ANALYSIS.md",".md","130"
"D:\OneDrive\GitHub\OpenChronicle\openchronicle-core\analysis\MODULAR_ARCHITECTURE_COMPLETE.md",".md","91"
"D:\OneDrive\GitHub\OpenChronicle\openchronicle-core\analysis\next_phase_roadmap.md",".md","162"
"D:\OneDrive\GitHub\OpenChronicle\openchronicle-core\analysis\phase_4_3_final_completion_report.md",".md","140"
"D:\OneDrive\GitHub\OpenChronicle\openchronicle-core\analysis\phase_4_3_integration_complete.md",".md","194"
"D:\OneDrive\GitHub\OpenChronicle\openchronicle-core\analysis\phase_4_3_master_plan_update.md",".md","152"
"D:\OneDrive\GitHub\OpenChronicle\openchronicle-core\analysis\phase_4_4_completion_report.md",".md","141"
"D:\OneDrive\GitHub\OpenChronicle\openchronicle-core\analysis\phase_5a_analyzer.py",".py","78"
"D:\OneDrive\GitHub\OpenChronicle\openchronicle-core\analysis\phase_5a_component_specs.py",".py","408"
"D:\OneDrive\GitHub\OpenChronicle\openchronicle-core\analysis\phase_5a_day1_analysis.py",".py","251"
"D:\OneDrive\GitHub\OpenChronicle\openchronicle-core\analysis\phase_5a_day1_completion_report.md",".md","161"
"D:\OneDrive\GitHub\OpenChronicle\openchronicle-core\analysis\phase_6_completion_report.md",".md","188"
"D:\OneDrive\GitHub\OpenChronicle\openchronicle-core\analysis\phase_6_day3_completion_report.md",".md","66"
"D:\OneDrive\GitHub\OpenChronicle\openchronicle-core\analysis\phase_6_day_4_5_completion_report.md",".md","102"
"D:\OneDrive\GitHub\OpenChronicle\openchronicle-core\analysis\phase_7b_completion_report.md",".md","114"
"D:\OneDrive\GitHub\OpenChronicle\openchronicle-core\analysis\phase_8a_day3_completion_report.md",".md","104"
"D:\OneDrive\GitHub\OpenChronicle\openchronicle-core\analysis\STORYPACK_IMPORT_DEVELOPMENT_PLAN.md",".md","200"
"D:\OneDrive\GitHub\OpenChronicle\openchronicle-core\analysis\TEMPLATE_RESEARCH_ANALYSIS.md",".md","137"
"D:\OneDrive\GitHub\OpenChronicle\openchronicle-core\analysis\code_review\WeeklyReview.ps1",".ps1","46"
"D:\OneDrive\GitHub\OpenChronicle\openchronicle-core\analysis\import_staging\characters\knight_commander.txt",".txt","10"
"D:\OneDrive\GitHub\OpenChronicle\openchronicle-core\analysis\import_staging\characters\marcus_thorne.txt",".txt","8"
"D:\OneDrive\GitHub\OpenChronicle\openchronicle-core\analysis\import_staging\locations\silverdale_capital.txt",".txt","9"
"D:\OneDrive\GitHub\OpenChronicle\openchronicle-core\analysis\import_staging\locations\whispering_woods.txt",".txt","7"
"D:\OneDrive\GitHub\OpenChronicle\openchronicle-core\analysis\import_staging\lore\silver_order_history.txt",".txt","28"
"D:\OneDrive\GitHub\OpenChronicle\openchronicle-core\analysis\import_staging\lore\war_of_broken_crowns.txt",".txt","11"
"D:\OneDrive\GitHub\OpenChronicle\openchronicle-core\analysis\organizational_structures\Master_Canon_Tracking_Directive.txt",".txt","94"
"D:\OneDrive\GitHub\OpenChronicle\openchronicle-core\analysis\template_research\character_examples\BattleChasers - Secondary Characters.txt",".txt","240"
"D:\OneDrive\GitHub\OpenChronicle\openchronicle-core\analysis\template_research\character_examples\BattleChasers_Primary_Characters.txt",".txt","343"
"D:\OneDrive\GitHub\OpenChronicle\openchronicle-core\analysis\template_research\character_examples\Chaos Saga - Primary Characters.txt",".txt","193"
"D:\OneDrive\GitHub\OpenChronicle\openchronicle-core\analysis\template_research\character_examples\Chaos Saga - Secondary Characters.txt",".txt","292"
"D:\OneDrive\GitHub\OpenChronicle\openchronicle-core\analysis\template_research\character_examples\Chaos Saga ? Minor Characters.txt",".txt","20"
"D:\OneDrive\GitHub\OpenChronicle\openchronicle-core\analysis\template_research\character_examples\GhostHunters - Minor Characters.txt",".txt","50"
"D:\OneDrive\GitHub\OpenChronicle\openchronicle-core\analysis\template_research\character_examples\GhostHunters - Primary Characters.txt",".txt","296"
"D:\OneDrive\GitHub\OpenChronicle\openchronicle-core\analysis\template_research\character_examples\Vanessa_Maddox_Profile.txt",".txt","53"
"D:\OneDrive\GitHub\OpenChronicle\openchronicle-core\analysis\template_research\chat_configurations\Chaos Saga - Group Chat Instructions.txt",".txt","51"
"D:\OneDrive\GitHub\OpenChronicle\openchronicle-core\analysis\template_research\chat_configurations\Chaos Saga - Group Chat Log Configuration.txt",".txt","102"
"D:\OneDrive\GitHub\OpenChronicle\openchronicle-core\analysis\template_research\chat_configurations\GhostHunters - Group Chat Log Configuration.txt",".txt","130"
"D:\OneDrive\GitHub\OpenChronicle\openchronicle-core\analysis\template_research\chat_logs\Chaos Saga 1.txt",".txt","5048"
"D:\OneDrive\GitHub\OpenChronicle\openchronicle-core\analysis\template_research\chat_logs\Chaos Saga 2.txt",".txt","6545"
"D:\OneDrive\GitHub\OpenChronicle\openchronicle-core\analysis\template_research\chat_logs\Chaos Saga 3.txt",".txt","6284"
"D:\OneDrive\GitHub\OpenChronicle\openchronicle-core\analysis\template_research\chat_logs\Chaos Saga 4.txt",".txt","17922"
"D:\OneDrive\GitHub\OpenChronicle\openchronicle-core\analysis\template_research\location_examples\BattleChasers ? Region Config ? Aelreth.txt",".txt","88"
"D:\OneDrive\GitHub\OpenChronicle\openchronicle-core\analysis\template_research\location_examples\BattleChasers ? Region Config ? Cindral's Fall.txt",".txt","79"
"D:\OneDrive\GitHub\OpenChronicle\openchronicle-core\analysis\template_research\location_examples\BattleChasers ? Region Config ? Olorin.txt",".txt","81"
"D:\OneDrive\GitHub\OpenChronicle\openchronicle-core\analysis\template_research\location_examples\Chaos Saga ? Key Locations.txt",".txt","129"
"D:\OneDrive\GitHub\OpenChronicle\openchronicle-core\analysis\template_research\location_examples\GhostHunters - Key Locations.txt",".txt","58"
"D:\OneDrive\GitHub\OpenChronicle\openchronicle-core\analysis\template_research\organizational_structures\BattleChasers - Project Instructions.txt",".txt","60"
"D:\OneDrive\GitHub\OpenChronicle\openchronicle-core\analysis\template_research\organizational_structures\Chaos Saga - Style Guide.txt",".txt","146"
"D:\OneDrive\GitHub\OpenChronicle\openchronicle-core\analysis\template_research\organizational_structures\Chaos_Saga_Scene_Template.txt",".txt","48"
"D:\OneDrive\GitHub\OpenChronicle\openchronicle-core\analysis\template_research\organizational_structures\GhostHunters - Canon Tracking Directive.txt",".txt","70"
"D:\OneDrive\GitHub\OpenChronicle\openchronicle-core\analysis\template_research\organizational_structures\GhostHunters - Project Instructions.txt",".txt","121"
"D:\OneDrive\GitHub\OpenChronicle\openchronicle-core\analysis\template_research\organizational_structures\GhostHunters - Style Guide.txt",".txt","233"
"D:\OneDrive\GitHub\OpenChronicle\openchronicle-core\analysis\template_research\organizational_structures\Wonderland - Project Instructions.txt",".txt","107"
"D:\OneDrive\GitHub\OpenChronicle\openchronicle-core\analysis\template_research\organizational_structures\Wonderland - Style Guide.txt",".txt","242"
"D:\OneDrive\GitHub\OpenChronicle\openchronicle-core\analysis\template_research\scene_examples\2025-05-07_CH-017_Warehouse_Trouble.txt",".txt","89"
"D:\OneDrive\GitHub\OpenChronicle\openchronicle-core\analysis\template_research\specialized_profiles\Chaos Saga - Tattoo Profiles.txt",".txt","94"
"D:\OneDrive\GitHub\OpenChronicle\openchronicle-core\analysis\template_research\world_building\BattleChasers ? Bestiary of Vanyr.txt",".txt","127"
"D:\OneDrive\GitHub\OpenChronicle\openchronicle-core\analysis\template_research\world_building\BattleChasers ? Field Tables & Threat Indexes.txt",".txt","245"
"D:\OneDrive\GitHub\OpenChronicle\openchronicle-core\analysis\template_research\world_building\BattleChasers ? Guilds & Factions.txt",".txt","36"
"D:\OneDrive\GitHub\OpenChronicle\openchronicle-core\analysis\template_research\world_building\BattleChasers ? Knightly Orders.txt",".txt","36"
"D:\OneDrive\GitHub\OpenChronicle\openchronicle-core\analysis\template_research\world_building\BattleChasers ? Leyline Grid Overlay.txt",".txt","54"
"D:\OneDrive\GitHub\OpenChronicle\openchronicle-core\analysis\template_research\world_building\BattleChasers ? Loot Tables of Vanyr.txt",".txt","64"
"D:\OneDrive\GitHub\OpenChronicle\openchronicle-core\analysis\template_research\world_building\BattleChasers ? Races Guide.txt",".txt","66"
"D:\OneDrive\GitHub\OpenChronicle\openchronicle-core\analysis\template_research\world_building\BattleChasers ? Regional Bestiary Indexes.txt",".txt","62"
"D:\OneDrive\GitHub\OpenChronicle\openchronicle-core\analysis\template_research\world_building\BattleChasers ? Religious Orders.txt",".txt","36"
"D:\OneDrive\GitHub\OpenChronicle\openchronicle-core\analysis\template_research\world_building\BattleChasers ? Unified Encounter Tables.txt",".txt","115"
"D:\OneDrive\GitHub\OpenChronicle\openchronicle-core\analysis\template_research\world_building\BattleChasers ? Vanyr Calendar & Festival Guide.txt",".txt","63"
"D:\OneDrive\GitHub\OpenChronicle\openchronicle-core\analysis\template_research\world_building\BattleChasers ? Vanyr World Compendium.txt",".txt","236"
"D:\OneDrive\GitHub\OpenChronicle\openchronicle-core\analysis\template_research\world_building\BattleChasers ? World Map & Regions.txt",".txt","57"
"D:\OneDrive\GitHub\OpenChronicle\openchronicle-core\config\models\anthropic_claude35_haiku.json",".json","73"
"D:\OneDrive\GitHub\OpenChronicle\openchronicle-core\config\models\anthropic_claude35_sonnet.json",".json","75"
"D:\OneDrive\GitHub\OpenChronicle\openchronicle-core\config\models\gemini_15_flash.json",".json","67"
"D:\OneDrive\GitHub\OpenChronicle\openchronicle-core\config\models\gemini_pro.json",".json","65"
"D:\OneDrive\GitHub\OpenChronicle\openchronicle-core\config\models\groq_llama31_70b.json",".json","67"
"D:\OneDrive\GitHub\OpenChronicle\openchronicle-core\config\models\groq_mixtral_8x7b.json",".json","67"
"D:\OneDrive\GitHub\OpenChronicle\openchronicle-core\config\models\my_production_claude.json",".json","74"
"D:\OneDrive\GitHub\OpenChronicle\openchronicle-core\config\models\NAMING_ARCHITECTURE.md",".md","57"
"D:\OneDrive\GitHub\OpenChronicle\openchronicle-core\config\models\ollama_codellama_13b.json",".json","77"
"D:\OneDrive\GitHub\OpenChronicle\openchronicle-core\config\models\ollama_llama3_1_8b.json",".json","74"
"D:\OneDrive\GitHub\OpenChronicle\openchronicle-core\config\models\ollama_mistral_7b.json",".json","74"
"D:\OneDrive\GitHub\OpenChronicle\openchronicle-core\config\models\openai_gpt35_turbo.json",".json","68"
"D:\OneDrive\GitHub\OpenChronicle\openchronicle-core\config\models\openai_gpt4o.json",".json","69"
"D:\OneDrive\GitHub\OpenChronicle\openchronicle-core\config\models\openai_gpt4_turbo.json",".json","67"
"D:\OneDrive\GitHub\OpenChronicle\openchronicle-core\config\models\README.md",".md","105"
"D:\OneDrive\GitHub\OpenChronicle\openchronicle-core\config\models\transformers_dialogpt_medium.json",".json","77"
"D:\OneDrive\GitHub\OpenChronicle\openchronicle-core\core\database.py",".py","72"
"D:\OneDrive\GitHub\OpenChronicle\openchronicle-core\core\story_loader.py",".py","48"
"D:\OneDrive\GitHub\OpenChronicle\openchronicle-core\core\__init__.py",".py","0"
"D:\OneDrive\GitHub\OpenChronicle\openchronicle-core\core\analysis\claude\core_method_inventory.md",".md","534"
"D:\OneDrive\GitHub\OpenChronicle\openchronicle-core\core\analysis\claude\core_refactor_priority.md",".md","46"
"D:\OneDrive\GitHub\OpenChronicle\openchronicle-core\core\analysis\claude\core_refresh_prompt.txt",".txt","152"
"D:\OneDrive\GitHub\OpenChronicle\openchronicle-core\core\analysis\claude\opus4_review.md",".md","1294"
"D:\OneDrive\GitHub\OpenChronicle\openchronicle-core\core\analysis\claude\opus4_review.part2.md",".md","999"
"D:\OneDrive\GitHub\OpenChronicle\openchronicle-core\core\analysis\claude\README.md",".md","115"
"D:\OneDrive\GitHub\OpenChronicle\openchronicle-core\core\analysis\claude\3.7\bookmark_manager_refactoring.md",".md","906"
"D:\OneDrive\GitHub\OpenChronicle\openchronicle-core\core\analysis\claude\3.7\character_consistency_engine_refactor.md",".md","397"
"D:\OneDrive\GitHub\OpenChronicle\openchronicle-core\core\analysis\claude\3.7\character_interaction_engine_refactoring.md",".md","376"
"D:\OneDrive\GitHub\OpenChronicle\openchronicle-core\core\analysis\claude\3.7\character_stat_engine_refactoring.md",".md","415"
"D:\OneDrive\GitHub\OpenChronicle\openchronicle-core\core\analysis\claude\3.7\character_style_manager_refactoring.md",".md","585"
"D:\OneDrive\GitHub\OpenChronicle\openchronicle-core\core\analysis\claude\3.7\content_analyzer_refactoring.md",".md","266"
"D:\OneDrive\GitHub\OpenChronicle\openchronicle-core\core\analysis\claude\3.7\context_builder_refactoring.md",".md","368"
"D:\OneDrive\GitHub\OpenChronicle\openchronicle-core\core\analysis\claude\3.7\database_refactoring.md",".md","522"
"D:\OneDrive\GitHub\OpenChronicle\openchronicle-core\core\analysis\claude\3.7\emotional_stability_engine_refactor.md",".md","180"
"D:\OneDrive\GitHub\OpenChronicle\openchronicle-core\core\analysis\claude\3.7\image_generation_engine_refactoring.md",".md","942"
"D:\OneDrive\GitHub\OpenChronicle\openchronicle-core\core\analysis\claude\3.7\intelligent_response_engine_refactoring.md",".md","460"
"D:\OneDrive\GitHub\OpenChronicle\openchronicle-core\core\analysis\claude\3.7\memory_consistency_engine_refactoring.md",".md","246"
"D:\OneDrive\GitHub\OpenChronicle\openchronicle-core\core\analysis\claude\3.7\memory_manager_refactoring.md",".md","166"
"D:\OneDrive\GitHub\OpenChronicle\openchronicle-core\core\analysis\claude\3.7\model_adapter_refactoring.md",".md","183"
"D:\OneDrive\GitHub\OpenChronicle\openchronicle-core\core\analysis\claude\3.7\narrative_dice_engine_refactoring.md",".md","115"
"D:\OneDrive\GitHub\OpenChronicle\openchronicle-core\core\analysis\claude\3.7\rollback_engine_refactoring.md",".md","687"
"D:\OneDrive\GitHub\OpenChronicle\openchronicle-core\core\analysis\claude\3.7\scene_logger_refactor.md",".md","269"
"D:\OneDrive\GitHub\OpenChronicle\openchronicle-core\core\analysis\claude\3.7\search_engine_refactoring.md",".md","258"
"D:\OneDrive\GitHub\OpenChronicle\openchronicle-core\core\analysis\claude\3.7\timeline_builder_refactoring.md",".md","189"
"D:\OneDrive\GitHub\OpenChronicle\openchronicle-core\core\analysis\claude\3.7\token_manager_refactoring.md",".md","790"
"D:\OneDrive\GitHub\OpenChronicle\openchronicle-core\core\analysis\claude\4.0\bookmark_manager_refactoring.md",".md","594"
"D:\OneDrive\GitHub\OpenChronicle\openchronicle-core\core\analysis\claude\4.0\character_consistency_engine_refactoring.md",".md","246"
"D:\OneDrive\GitHub\OpenChronicle\openchronicle-core\core\analysis\claude\4.0\character_interaction_engine_refactoring.md",".md","430"
"D:\OneDrive\GitHub\OpenChronicle\openchronicle-core\core\analysis\claude\4.0\character_stat_engine_refactoring.md",".md","378"
"D:\OneDrive\GitHub\OpenChronicle\openchronicle-core\core\analysis\claude\4.0\character_style_manager_refactoring.md",".md","716"
"D:\OneDrive\GitHub\OpenChronicle\openchronicle-core\core\analysis\claude\4.0\content_analyzer_refactoring.md",".md","341"
"D:\OneDrive\GitHub\OpenChronicle\openchronicle-core\core\analysis\claude\4.0\context_builder_refactoring.md",".md","394"
"D:\OneDrive\GitHub\OpenChronicle\openchronicle-core\core\analysis\claude\4.0\database_refactoring.md",".md","638"
"D:\OneDrive\GitHub\OpenChronicle\openchronicle-core\core\analysis\claude\4.0\emotional_stability_engine_refactoring.md",".md","667"
"D:\OneDrive\GitHub\OpenChronicle\openchronicle-core\core\analysis\claude\4.0\image_adapter_refactoring.md",".md","584"
"D:\OneDrive\GitHub\OpenChronicle\openchronicle-core\core\analysis\claude\4.0\image_generation_engine_refactoring.md",".md","718"
"D:\OneDrive\GitHub\OpenChronicle\openchronicle-core\core\analysis\claude\4.0\intelligent_response_engine_refactoring.md",".md","367"
"D:\OneDrive\GitHub\OpenChronicle\openchronicle-core\core\analysis\claude\4.0\memory_consistency_engine_refactoring.md",".md","508"
"D:\OneDrive\GitHub\OpenChronicle\openchronicle-core\core\analysis\claude\4.0\memory_manager_refactoring.md",".md","543"
"D:\OneDrive\GitHub\OpenChronicle\openchronicle-core\core\analysis\claude\4.0\model_adapter_refactoring.md",".md","767"
"D:\OneDrive\GitHub\OpenChronicle\openchronicle-core\core\analysis\claude\4.0\narrative_dice_engine_refactoring.md",".md","306"
"D:\OneDrive\GitHub\OpenChronicle\openchronicle-core\core\analysis\claude\4.0\rollback_engine_refactoring.md",".md","336"
"D:\OneDrive\GitHub\OpenChronicle\openchronicle-core\core\analysis\claude\4.0\scene_logger_refactoring.md",".md","631"
"D:\OneDrive\GitHub\OpenChronicle\openchronicle-core\core\analysis\claude\4.0\search_engine_refactoring.md",".md","591"
"D:\OneDrive\GitHub\OpenChronicle\openchronicle-core\core\analysis\claude\4.0\timeline_builder_refactoring.md",".md","476"
"D:\OneDrive\GitHub\OpenChronicle\openchronicle-core\core\analysis\claude\4.0\token_manager_refactoring.md",".md","526"
"D:\OneDrive\GitHub\OpenChronicle\openchronicle-core\core\analysis\gemini\core_refactor_priority.md",".md","44"
"D:\OneDrive\GitHub\OpenChronicle\openchronicle-core\core\analysis\gemini\core_refresh_prompt.txt",".txt","26"
"D:\OneDrive\GitHub\OpenChronicle\openchronicle-core\core\analysis\gemini\function_overview.md",".md","297"
"D:\OneDrive\GitHub\OpenChronicle\openchronicle-core\core\analysis\gemini\2.5\character_consistency_engine_refactor.md",".md","133"
"D:\OneDrive\GitHub\OpenChronicle\openchronicle-core\core\analysis\gemini\2.5\character_interaction_engine_refactor.md",".md","73"
"D:\OneDrive\GitHub\OpenChronicle\openchronicle-core\core\analysis\gemini\2.5\character_stat_engine_refactor.md",".md","70"
"D:\OneDrive\GitHub\OpenChronicle\openchronicle-core\core\analysis\gemini\2.5\character_style_manager_refactor.md",".md","115"
"D:\OneDrive\GitHub\OpenChronicle\openchronicle-core\core\analysis\gemini\2.5\content_analyzer_refactor.md",".md","82"
"D:\OneDrive\GitHub\OpenChronicle\openchronicle-core\core\analysis\gemini\2.5\context_builder_refactor.md",".md","74"
"D:\OneDrive\GitHub\OpenChronicle\openchronicle-core\core\analysis\gemini\2.5\database_refactor.md",".md","73"
"D:\OneDrive\GitHub\OpenChronicle\openchronicle-core\core\analysis\gemini\2.5\emotional_stability_engine_refactor.md",".md","166"
"D:\OneDrive\GitHub\OpenChronicle\openchronicle-core\core\analysis\gemini\2.5\emotional_stability_engine_refactor_A.md",".md","166"
"D:\OneDrive\GitHub\OpenChronicle\openchronicle-core\core\analysis\gemini\2.5\image_adapter_refactor.md",".md","95"
"D:\OneDrive\GitHub\OpenChronicle\openchronicle-core\core\analysis\gemini\2.5\image_generation_engine_refactor.md",".md","127"
"D:\OneDrive\GitHub\OpenChronicle\openchronicle-core\core\analysis\gemini\2.5\intelligent_response_engine_refactor.md",".md","69"
"D:\OneDrive\GitHub\OpenChronicle\openchronicle-core\core\analysis\gemini\2.5\memory_consistency_engine_refactor.md",".md","66"
"D:\OneDrive\GitHub\OpenChronicle\openchronicle-core\core\analysis\gemini\2.5\memory_manager_refactor.md",".md","60"
"D:\OneDrive\GitHub\OpenChronicle\openchronicle-core\core\analysis\gemini\2.5\memory_manager_refactor_A.md",".md","115"
"D:\OneDrive\GitHub\OpenChronicle\openchronicle-core\core\analysis\gemini\2.5\model_adapter_refactor.md",".md","85"
"D:\OneDrive\GitHub\OpenChronicle\openchronicle-core\core\analysis\gemini\2.5\narrative_dice_engine_refactor.md",".md","72"
"D:\OneDrive\GitHub\OpenChronicle\openchronicle-core\core\analysis\gemini\2.5\rollback_engine_refactor.md",".md","91"
"D:\OneDrive\GitHub\OpenChronicle\openchronicle-core\core\analysis\gemini\2.5\scene_logger_refactor.md",".md","53"
"D:\OneDrive\GitHub\OpenChronicle\openchronicle-core\core\analysis\gemini\2.5\scene_logger_refactor_A.md",".md","106"
"D:\OneDrive\GitHub\OpenChronicle\openchronicle-core\core\analysis\gemini\2.5\search_engine_refactor.md",".md","213"
"D:\OneDrive\GitHub\OpenChronicle\openchronicle-core\core\analysis\gemini\2.5\search_engine_refactor_A.md",".md","213"
"D:\OneDrive\GitHub\OpenChronicle\openchronicle-core\core\analysis\gemini\2.5\timeline_builder_refactor.md",".md","60"
"D:\OneDrive\GitHub\OpenChronicle\openchronicle-core\core\analysis\gpt\core_method_inventory.md",".md","610"
"D:\OneDrive\GitHub\OpenChronicle\openchronicle-core\core\analysis\gpt\core_refactor_priority.md",".md","46"
"D:\OneDrive\GitHub\OpenChronicle\openchronicle-core\core\analysis\gpt\core_refresh_prompt.txt",".txt","26"
"D:\OneDrive\GitHub\OpenChronicle\openchronicle-core\core\analysis\gpt\4.1\bookmark_manager_refactor_recommendations.md",".md","35"
"D:\OneDrive\GitHub\OpenChronicle\openchronicle-core\core\analysis\gpt\4.1\character_consistency_engine_refactor_recommendations.md",".md","35"
"D:\OneDrive\GitHub\OpenChronicle\openchronicle-core\core\analysis\gpt\4.1\character_interaction_engine_refactor_recommendations.md",".md","40"
"D:\OneDrive\GitHub\OpenChronicle\openchronicle-core\core\analysis\gpt\4.1\character_stat_engine_refactor_recommendations.md",".md","34"
"D:\OneDrive\GitHub\OpenChronicle\openchronicle-core\core\analysis\gpt\4.1\character_style_manager_refactor_recommendations.md",".md","37"
"D:\OneDrive\GitHub\OpenChronicle\openchronicle-core\core\analysis\gpt\4.1\content_analyzer_refactor_recommendations.md",".md","33"
"D:\OneDrive\GitHub\OpenChronicle\openchronicle-core\core\analysis\gpt\4.1\context_builder_refactor_recommendations.md",".md","33"
"D:\OneDrive\GitHub\OpenChronicle\openchronicle-core\core\analysis\gpt\4.1\database_refactor_recommendations.md",".md","36"
"D:\OneDrive\GitHub\OpenChronicle\openchronicle-core\core\analysis\gpt\4.1\emotional_stability_engine_refactor_recommendations.md",".md","39"
"D:\OneDrive\GitHub\OpenChronicle\openchronicle-core\core\analysis\gpt\4.1\image_adapter_refactor_recommendations.md",".md","36"
"D:\OneDrive\GitHub\OpenChronicle\openchronicle-core\core\analysis\gpt\4.1\image_generation_engine_refactor_recommendations.md",".md","37"
"D:\OneDrive\GitHub\OpenChronicle\openchronicle-core\core\analysis\gpt\4.1\intelligent_response_engine_refactor_recommendations.md",".md","32"
"D:\OneDrive\GitHub\OpenChronicle\openchronicle-core\core\analysis\gpt\4.1\memory_consistency_engine_refactor_recommendations.md",".md","32"
"D:\OneDrive\GitHub\OpenChronicle\openchronicle-core\core\analysis\gpt\4.1\memory_manager_refactor_recommendations.md",".md","36"
"D:\OneDrive\GitHub\OpenChronicle\openchronicle-core\core\analysis\gpt\4.1\model_adapter_refactor_recommendations.md",".md","39"
"D:\OneDrive\GitHub\OpenChronicle\openchronicle-core\core\analysis\gpt\4.1\narrative_dice_engine_refactor_recommendations.md",".md","34"
"D:\OneDrive\GitHub\OpenChronicle\openchronicle-core\core\analysis\gpt\4.1\rollback_engine_refactor_recommendations.md",".md","35"
"D:\OneDrive\GitHub\OpenChronicle\openchronicle-core\core\analysis\gpt\4.1\scene_logger_refactor_recommendations.md",".md","39"
"D:\OneDrive\GitHub\OpenChronicle\openchronicle-core\core\analysis\gpt\4.1\search_engine_refactor_recommendations.md",".md","32"
"D:\OneDrive\GitHub\OpenChronicle\openchronicle-core\core\analysis\gpt\4.1\timeline_builder_refactor_recommendations.md",".md","32"
"D:\OneDrive\GitHub\OpenChronicle\openchronicle-core\core\analysis\gpt\4.1\token_manager_refactor_recommendations.md",".md","37"
"D:\OneDrive\GitHub\OpenChronicle\openchronicle-core\core\character_management\character_base.py",".py","201"
"D:\OneDrive\GitHub\OpenChronicle\openchronicle-core\core\character_management\character_data.py",".py","342"
"D:\OneDrive\GitHub\OpenChronicle\openchronicle-core\core\character_management\character_orchestrator.py",".py","447"
"D:\OneDrive\GitHub\OpenChronicle\openchronicle-core\core\character_management\character_storage.py",".py","324"
"D:\OneDrive\GitHub\OpenChronicle\openchronicle-core\core\character_management\__init__.py",".py","45"
"D:\OneDrive\GitHub\OpenChronicle\openchronicle-core\core\character_management\consistency\consistency_validation_engine.py",".py","485"
"D:\OneDrive\GitHub\OpenChronicle\openchronicle-core\core\character_management\consistency\__init__.py",".py","6"
"D:\OneDrive\GitHub\OpenChronicle\openchronicle-core\core\character_management\interactions\interaction_dynamics_engine.py",".py","451"
"D:\OneDrive\GitHub\OpenChronicle\openchronicle-core\core\character_management\interactions\__init__.py",".py","6"
"D:\OneDrive\GitHub\OpenChronicle\openchronicle-core\core\character_management\presentation\presentation_style_engine.py",".py","377"
"D:\OneDrive\GitHub\OpenChronicle\openchronicle-core\core\character_management\presentation\__init__.py",".py","6"
"D:\OneDrive\GitHub\OpenChronicle\openchronicle-core\core\character_management\stats\stats_behavior_engine.py",".py","520"
"D:\OneDrive\GitHub\OpenChronicle\openchronicle-core\core\character_management\stats\__init__.py",".py","6"
"D:\OneDrive\GitHub\OpenChronicle\openchronicle-core\core\content_analysis\context_orchestrator.py",".py","311"
"D:\OneDrive\GitHub\OpenChronicle\openchronicle-core\core\content_analysis\__init__.py",".py","52"
"D:\OneDrive\GitHub\OpenChronicle\openchronicle-core\core\content_analysis\detection\content_classifier.py",".py","146"
"D:\OneDrive\GitHub\OpenChronicle\openchronicle-core\core\content_analysis\detection\keyword_detector.py",".py","130"
"D:\OneDrive\GitHub\OpenChronicle\openchronicle-core\core\content_analysis\detection\transformer_analyzer.py",".py","291"
"D:\OneDrive\GitHub\OpenChronicle\openchronicle-core\core\content_analysis\detection\__init__.py",".py","15"
"D:\OneDrive\GitHub\OpenChronicle\openchronicle-core\core\content_analysis\extraction\character_extractor.py",".py","120"
"D:\OneDrive\GitHub\OpenChronicle\openchronicle-core\core\content_analysis\extraction\location_extractor.py",".py","90"
"D:\OneDrive\GitHub\OpenChronicle\openchronicle-core\core\content_analysis\extraction\lore_extractor.py",".py","90"
"D:\OneDrive\GitHub\OpenChronicle\openchronicle-core\core\content_analysis\extraction\__init__.py",".py","15"
"D:\OneDrive\GitHub\OpenChronicle\openchronicle-core\core\content_analysis\routing\content_router.py",".py","142"
"D:\OneDrive\GitHub\OpenChronicle\openchronicle-core\core\content_analysis\routing\model_selector.py",".py","118"
"D:\OneDrive\GitHub\OpenChronicle\openchronicle-core\core\content_analysis\routing\recommendation_engine.py",".py","187"
"D:\OneDrive\GitHub\OpenChronicle\openchronicle-core\core\content_analysis\routing\__init__.py",".py","15"
"D:\OneDrive\GitHub\OpenChronicle\openchronicle-core\core\content_analysis\shared\interfaces.py",".py","39"
"D:\OneDrive\GitHub\OpenChronicle\openchronicle-core\core\context_systems\context_orchestrator.py",".py","364"
"D:\OneDrive\GitHub\OpenChronicle\openchronicle-core\core\context_systems\__init__.py",".py","21"
"D:\OneDrive\GitHub\OpenChronicle\openchronicle-core\core\database_systems\connection.py",".py","50"
"D:\OneDrive\GitHub\OpenChronicle\openchronicle-core\core\database_systems\database_orchestrator.py",".py","182"
"D:\OneDrive\GitHub\OpenChronicle\openchronicle-core\core\database_systems\fts.py",".py","210"
"D:\OneDrive\GitHub\OpenChronicle\openchronicle-core\core\database_systems\migration.py",".py","301"
"D:\OneDrive\GitHub\OpenChronicle\openchronicle-core\core\database_systems\operations.py",".py","249"
"D:\OneDrive\GitHub\OpenChronicle\openchronicle-core\core\database_systems\shared.py",".py","100"
"D:\OneDrive\GitHub\OpenChronicle\openchronicle-core\core\database_systems\__init__.py",".py","12"
"D:\OneDrive\GitHub\OpenChronicle\openchronicle-core\core\image_systems\image_orchestrator.py",".py","382"
"D:\OneDrive\GitHub\OpenChronicle\openchronicle-core\core\image_systems\__init__.py",".py","54"
"D:\OneDrive\GitHub\OpenChronicle\openchronicle-core\core\image_systems\generation\generation_engine.py",".py","293"
"D:\OneDrive\GitHub\OpenChronicle\openchronicle-core\core\image_systems\generation\prompt_processor.py",".py","274"
"D:\OneDrive\GitHub\OpenChronicle\openchronicle-core\core\image_systems\generation\style_manager.py",".py","331"
"D:\OneDrive\GitHub\OpenChronicle\openchronicle-core\core\image_systems\generation\__init__.py",".py","15"
"D:\OneDrive\GitHub\OpenChronicle\openchronicle-core\core\image_systems\processing\format_converter.py",".py","360"
"D:\OneDrive\GitHub\OpenChronicle\openchronicle-core\core\image_systems\processing\image_adapter.py",".py","389"
"D:\OneDrive\GitHub\OpenChronicle\openchronicle-core\core\image_systems\processing\storage_manager.py",".py","341"
"D:\OneDrive\GitHub\OpenChronicle\openchronicle-core\core\image_systems\processing\__init__.py",".py","36"
"D:\OneDrive\GitHub\OpenChronicle\openchronicle-core\core\image_systems\shared\config_manager.py",".py","243"
"D:\OneDrive\GitHub\OpenChronicle\openchronicle-core\core\image_systems\shared\image_models.py",".py","155"
"D:\OneDrive\GitHub\OpenChronicle\openchronicle-core\core\image_systems\shared\validation_utils.py",".py","227"
"D:\OneDrive\GitHub\OpenChronicle\openchronicle-core\core\image_systems\shared\__init__.py",".py","42"
"D:\OneDrive\GitHub\OpenChronicle\openchronicle-core\core\management_systems\management_orchestrator.py",".py","364"
"D:\OneDrive\GitHub\OpenChronicle\openchronicle-core\core\management_systems\__init__.py",".py","60"
"D:\OneDrive\GitHub\OpenChronicle\openchronicle-core\core\management_systems\bookmark\bookmark_data_manager.py",".py","349"
"D:\OneDrive\GitHub\OpenChronicle\openchronicle-core\core\management_systems\bookmark\bookmark_manager.py",".py","318"
"D:\OneDrive\GitHub\OpenChronicle\openchronicle-core\core\management_systems\bookmark\navigation_manager.py",".py","314"
"D:\OneDrive\GitHub\OpenChronicle\openchronicle-core\core\management_systems\bookmark\search_engine.py",".py","351"
"D:\OneDrive\GitHub\OpenChronicle\openchronicle-core\core\management_systems\bookmark\__init__.py",".py","16"
"D:\OneDrive\GitHub\OpenChronicle\openchronicle-core\core\management_systems\bookmark\__pycache__\bookmark_data_manager.cpython-313.pyc",".pyc","196"
"D:\OneDrive\GitHub\OpenChronicle\openchronicle-core\core\management_systems\bookmark\__pycache__\bookmark_manager.cpython-313.pyc",".pyc","116"
"D:\OneDrive\GitHub\OpenChronicle\openchronicle-core\core\management_systems\bookmark\__pycache__\navigation_manager.cpython-313.pyc",".pyc","123"
"D:\OneDrive\GitHub\OpenChronicle\openchronicle-core\core\management_systems\bookmark\__pycache__\search_engine.cpython-313.pyc",".pyc","182"
"D:\OneDrive\GitHub\OpenChronicle\openchronicle-core\core\management_systems\bookmark\__pycache__\__init__.cpython-313.pyc",".pyc","8"
"D:\OneDrive\GitHub\OpenChronicle\openchronicle-core\core\management_systems\shared\config_classes.py",".py","185"
"D:\OneDrive\GitHub\OpenChronicle\openchronicle-core\core\management_systems\shared\config_validation.py",".py","202"
"D:\OneDrive\GitHub\OpenChronicle\openchronicle-core\core\management_systems\shared\management_models.py",".py","145"
"D:\OneDrive\GitHub\OpenChronicle\openchronicle-core\core\management_systems\shared\utilities.py",".py","273"
"D:\OneDrive\GitHub\OpenChronicle\openchronicle-core\core\management_systems\shared\__init__.py",".py","49"
"D:\OneDrive\GitHub\OpenChronicle\openchronicle-core\core\management_systems\shared\__pycache__\config_classes.cpython-313.pyc",".pyc","111"
"D:\OneDrive\GitHub\OpenChronicle\openchronicle-core\core\management_systems\shared\__pycache__\config_validation.cpython-313.pyc",".pyc","68"
"D:\OneDrive\GitHub\OpenChronicle\openchronicle-core\core\management_systems\shared\__pycache__\management_models.cpython-313.pyc",".pyc","113"
"D:\OneDrive\GitHub\OpenChronicle\openchronicle-core\core\management_systems\shared\__pycache__\utilities.cpython-313.pyc",".pyc","117"
"D:\OneDrive\GitHub\OpenChronicle\openchronicle-core\core\management_systems\shared\__pycache__\__init__.cpython-313.pyc",".pyc","17"
"D:\OneDrive\GitHub\OpenChronicle\openchronicle-core\core\management_systems\token\tokenizer_manager.py",".py","137"
"D:\OneDrive\GitHub\OpenChronicle\openchronicle-core\core\management_systems\token\token_manager.py",".py","300"
"D:\OneDrive\GitHub\OpenChronicle\openchronicle-core\core\management_systems\token\token_optimizer.py",".py","272"
"D:\OneDrive\GitHub\OpenChronicle\openchronicle-core\core\management_systems\token\usage_tracker.py",".py","272"
"D:\OneDrive\GitHub\OpenChronicle\openchronicle-core\core\management_systems\token\__init__.py",".py","20"
"D:\OneDrive\GitHub\OpenChronicle\openchronicle-core\core\management_systems\token\__pycache__\tokenizer_manager.cpython-313.pyc",".pyc","78"
"D:\OneDrive\GitHub\OpenChronicle\openchronicle-core\core\management_systems\token\__pycache__\token_manager.cpython-313.pyc",".pyc","151"
"D:\OneDrive\GitHub\OpenChronicle\openchronicle-core\core\management_systems\token\__pycache__\token_optimizer.cpython-313.pyc",".pyc","147"
"D:\OneDrive\GitHub\OpenChronicle\openchronicle-core\core\management_systems\token\__pycache__\usage_tracker.cpython-313.pyc",".pyc","148"
"D:\OneDrive\GitHub\OpenChronicle\openchronicle-core\core\management_systems\token\__pycache__\__init__.cpython-313.pyc",".pyc","15"
"D:\OneDrive\GitHub\OpenChronicle\openchronicle-core\core\management_systems\__pycache__\management_orchestrator.cpython-313.pyc",".pyc","135"
"D:\OneDrive\GitHub\OpenChronicle\openchronicle-core\core\management_systems\__pycache__\__init__.cpython-313.pyc",".pyc","33"
"D:\OneDrive\GitHub\OpenChronicle\openchronicle-core\core\memory_management\memory_orchestrator.py",".py","530"
"D:\OneDrive\GitHub\OpenChronicle\openchronicle-core\core\memory_management\__init__.py",".py","16"
"D:\OneDrive\GitHub\OpenChronicle\openchronicle-core\core\memory_management\character\character_manager.py",".py","272"
"D:\OneDrive\GitHub\OpenChronicle\openchronicle-core\core\memory_management\character\mood_tracker.py",".py","356"
"D:\OneDrive\GitHub\OpenChronicle\openchronicle-core\core\memory_management\character\voice_manager.py",".py","382"
"D:\OneDrive\GitHub\OpenChronicle\openchronicle-core\core\memory_management\character\__init__.py",".py","25"
"D:\OneDrive\GitHub\OpenChronicle\openchronicle-core\core\memory_management\context\context_builder.py",".py","311"
"D:\OneDrive\GitHub\OpenChronicle\openchronicle-core\core\memory_management\context\scene_context_manager.py",".py","560"
"D:\OneDrive\GitHub\OpenChronicle\openchronicle-core\core\memory_management\context\world_state_manager.py",".py","420"
"D:\OneDrive\GitHub\OpenChronicle\openchronicle-core\core\memory_management\context\__init__.py",".py","39"
"D:\OneDrive\GitHub\OpenChronicle\openchronicle-core\core\memory_management\persistence\memory_repository.py",".py","305"
"D:\OneDrive\GitHub\OpenChronicle\openchronicle-core\core\memory_management\persistence\memory_serializer.py",".py","297"
"D:\OneDrive\GitHub\OpenChronicle\openchronicle-core\core\memory_management\persistence\snapshot_manager.py",".py","164"
"D:\OneDrive\GitHub\OpenChronicle\openchronicle-core\core\memory_management\persistence\__init__.py",".py","14"
"D:\OneDrive\GitHub\OpenChronicle\openchronicle-core\core\memory_management\shared\database_manager.py",".py","351"
"D:\OneDrive\GitHub\OpenChronicle\openchronicle-core\core\memory_management\shared\memory_models.py",".py","156"
"D:\OneDrive\GitHub\OpenChronicle\openchronicle-core\core\memory_management\shared\memory_utilities.py",".py","441"
"D:\OneDrive\GitHub\OpenChronicle\openchronicle-core\core\memory_management\shared\__init__.py",".py","39"
"D:\OneDrive\GitHub\OpenChronicle\openchronicle-core\core\model_adapters\adapter_exceptions.py",".py","88"
"D:\OneDrive\GitHub\OpenChronicle\openchronicle-core\core\model_adapters\adapter_factory.py",".py","306"
"D:\OneDrive\GitHub\OpenChronicle\openchronicle-core\core\model_adapters\api_adapter_base.py",".py","279"
"D:\OneDrive\GitHub\OpenChronicle\openchronicle-core\core\model_adapters\__init__.py",".py","59"
"D:\OneDrive\GitHub\OpenChronicle\openchronicle-core\core\model_adapters\providers\anthropic_adapter.py",".py","64"
"D:\OneDrive\GitHub\OpenChronicle\openchronicle-core\core\model_adapters\providers\ollama_adapter.py",".py","85"
"D:\OneDrive\GitHub\OpenChronicle\openchronicle-core\core\model_adapters\providers\openai_adapter.py",".py","64"
"D:\OneDrive\GitHub\OpenChronicle\openchronicle-core\core\model_adapters\providers\__init__.py",".py","20"
"D:\OneDrive\GitHub\OpenChronicle\openchronicle-core\core\model_adapters\providers\__pycache__\anthropic_adapter.cpython-313.pyc",".pyc","29"
"D:\OneDrive\GitHub\OpenChronicle\openchronicle-core\core\model_adapters\providers\__pycache__\ollama_adapter.cpython-313.pyc",".pyc","34"
"D:\OneDrive\GitHub\OpenChronicle\openchronicle-core\core\model_adapters\providers\__pycache__\openai_adapter.cpython-313.pyc",".pyc","36"
"D:\OneDrive\GitHub\OpenChronicle\openchronicle-core\core\model_adapters\providers\__pycache__\__init__.cpython-313.pyc",".pyc","15"
"D:\OneDrive\GitHub\OpenChronicle\openchronicle-core\core\model_adapters\__pycache__\adapter_exceptions.cpython-313.pyc",".pyc","59"
"D:\OneDrive\GitHub\OpenChronicle\openchronicle-core\core\model_adapters\__pycache__\adapter_factory.cpython-313.pyc",".pyc","213"
"D:\OneDrive\GitHub\OpenChronicle\openchronicle-core\core\model_adapters\__pycache__\api_adapter_base.cpython-313.pyc",".pyc","175"
"D:\OneDrive\GitHub\OpenChronicle\openchronicle-core\core\model_adapters\__pycache__\__init__.cpython-313.pyc",".pyc","32"
"D:\OneDrive\GitHub\OpenChronicle\openchronicle-core\core\model_management\configuration_manager.py",".py","762"
"D:\OneDrive\GitHub\OpenChronicle\openchronicle-core\core\model_management\lifecycle_manager.py",".py","540"
"D:\OneDrive\GitHub\OpenChronicle\openchronicle-core\core\model_management\model_orchestrator.py",".py","351"
"D:\OneDrive\GitHub\OpenChronicle\openchronicle-core\core\model_management\performance_monitor.py",".py","387"
"D:\OneDrive\GitHub\OpenChronicle\openchronicle-core\core\model_management\response_generator.py",".py","266"
"D:\OneDrive\GitHub\OpenChronicle\openchronicle-core\core\model_management\__init__.py",".py","32"
"D:\OneDrive\GitHub\OpenChronicle\openchronicle-core\core\model_registry\content_router.py",".py","312"
"D:\OneDrive\GitHub\OpenChronicle\openchronicle-core\core\model_registry\health_monitor.py",".py","338"
"D:\OneDrive\GitHub\OpenChronicle\openchronicle-core\core\model_registry\registry_manager.py",".py","449"
"D:\OneDrive\GitHub\OpenChronicle\openchronicle-core\core\model_registry\__init__.py",".py","31"
"D:\OneDrive\GitHub\OpenChronicle\openchronicle-core\core\model_registry\__pycache__\content_router.cpython-313.pyc",".pyc","151"
"D:\OneDrive\GitHub\OpenChronicle\openchronicle-core\core\model_registry\__pycache__\health_monitor.cpython-313.pyc",".pyc","138"
"D:\OneDrive\GitHub\OpenChronicle\openchronicle-core\core\model_registry\__pycache__\registry_manager.cpython-313.pyc",".pyc","179"
"D:\OneDrive\GitHub\OpenChronicle\openchronicle-core\core\model_registry\__pycache__\__init__.cpython-313.pyc",".pyc","25"
"D:\OneDrive\GitHub\OpenChronicle\openchronicle-core\core\narrative_systems\narrative_orchestrator.py",".py","431"
"D:\OneDrive\GitHub\OpenChronicle\openchronicle-core\core\narrative_systems\__init__.py",".py","41"
"D:\OneDrive\GitHub\OpenChronicle\openchronicle-core\core\narrative_systems\consistency\consistency_orchestrator.py",".py","229"
"D:\OneDrive\GitHub\OpenChronicle\openchronicle-core\core\narrative_systems\consistency\memory_validator.py",".py","570"
"D:\OneDrive\GitHub\OpenChronicle\openchronicle-core\core\narrative_systems\consistency\state_tracker.py",".py","505"
"D:\OneDrive\GitHub\OpenChronicle\openchronicle-core\core\narrative_systems\consistency\__init__.py",".py","13"
"D:\OneDrive\GitHub\OpenChronicle\openchronicle-core\core\narrative_systems\emotional\emotional_orchestrator.py",".py","385"
"D:\OneDrive\GitHub\OpenChronicle\openchronicle-core\core\narrative_systems\emotional\mood_analyzer.py",".py","854"
"D:\OneDrive\GitHub\OpenChronicle\openchronicle-core\core\narrative_systems\emotional\stability_tracker.py",".py","668"
"D:\OneDrive\GitHub\OpenChronicle\openchronicle-core\core\narrative_systems\emotional\__init__.py",".py","13"
"D:\OneDrive\GitHub\OpenChronicle\openchronicle-core\core\narrative_systems\mechanics\dice_engine.py",".py","371"
"D:\OneDrive\GitHub\OpenChronicle\openchronicle-core\core\narrative_systems\mechanics\mechanics_models.py",".py","263"
"D:\OneDrive\GitHub\OpenChronicle\openchronicle-core\core\narrative_systems\mechanics\mechanics_orchestrator.py",".py","478"
"D:\OneDrive\GitHub\OpenChronicle\openchronicle-core\core\narrative_systems\mechanics\narrative_branching.py",".py","498"
"D:\OneDrive\GitHub\OpenChronicle\openchronicle-core\core\narrative_systems\mechanics\__init__.py",".py","36"
"D:\OneDrive\GitHub\OpenChronicle\openchronicle-core\core\narrative_systems\response\context_analyzer.py",".py","386"
"D:\OneDrive\GitHub\OpenChronicle\openchronicle-core\core\narrative_systems\response\response_models.py",".py","134"
"D:\OneDrive\GitHub\OpenChronicle\openchronicle-core\core\narrative_systems\response\response_orchestrator.py",".py","309"
"D:\OneDrive\GitHub\OpenChronicle\openchronicle-core\core\narrative_systems\response\response_planner.py",".py","406"
"D:\OneDrive\GitHub\OpenChronicle\openchronicle-core\core\narrative_systems\response\__init__.py",".py","42"
"D:\OneDrive\GitHub\OpenChronicle\openchronicle-core\core\narrative_systems\shared\narrative_base.py",".py","280"
"D:\OneDrive\GitHub\OpenChronicle\openchronicle-core\core\narrative_systems\shared\narrative_exceptions.py",".py","22"
"D:\OneDrive\GitHub\OpenChronicle\openchronicle-core\core\narrative_systems\shared\narrative_state.py",".py","96"
"D:\OneDrive\GitHub\OpenChronicle\openchronicle-core\core\narrative_systems\shared\__init__.py",".py","23"
"D:\OneDrive\GitHub\OpenChronicle\openchronicle-core\core\performance\__init__.py",".py","9"
"D:\OneDrive\GitHub\OpenChronicle\openchronicle-core\core\scene_systems\scene_orchestrator.py",".py","334"
"D:\OneDrive\GitHub\OpenChronicle\openchronicle-core\core\scene_systems\__init__.py",".py","19"
"D:\OneDrive\GitHub\OpenChronicle\openchronicle-core\core\scene_systems\analysis\mood_analyzer.py",".py","347"
"D:\OneDrive\GitHub\OpenChronicle\openchronicle-core\core\scene_systems\analysis\statistics_engine.py",".py","313"
"D:\OneDrive\GitHub\OpenChronicle\openchronicle-core\core\scene_systems\analysis\__init__.py",".py","9"
"D:\OneDrive\GitHub\OpenChronicle\openchronicle-core\core\scene_systems\management\labeling_system.py",".py","364"
"D:\OneDrive\GitHub\OpenChronicle\openchronicle-core\core\scene_systems\management\scene_manager.py",".py","299"
"D:\OneDrive\GitHub\OpenChronicle\openchronicle-core\core\scene_systems\management\__init__.py",".py","9"
"D:\OneDrive\GitHub\OpenChronicle\openchronicle-core\core\scene_systems\persistence\scene_repository.py",".py","256"
"D:\OneDrive\GitHub\OpenChronicle\openchronicle-core\core\scene_systems\persistence\scene_serializer.py",".py","157"
"D:\OneDrive\GitHub\OpenChronicle\openchronicle-core\core\scene_systems\persistence\__init__.py",".py","9"
"D:\OneDrive\GitHub\OpenChronicle\openchronicle-core\core\scene_systems\shared\id_generator.py",".py","67"
"D:\OneDrive\GitHub\OpenChronicle\openchronicle-core\core\scene_systems\shared\scene_models.py",".py","186"
"D:\OneDrive\GitHub\OpenChronicle\openchronicle-core\core\scene_systems\shared\__init__.py",".py","12"
"D:\OneDrive\GitHub\OpenChronicle\openchronicle-core\core\shared\database_operations.py",".py","163"
"D:\OneDrive\GitHub\OpenChronicle\openchronicle-core\core\shared\data_validation.py",".py","2"
"D:\OneDrive\GitHub\OpenChronicle\openchronicle-core\core\shared\json_utilities.py",".py","229"
"D:\OneDrive\GitHub\OpenChronicle\openchronicle-core\core\shared\search_utilities.py",".py","590"
"D:\OneDrive\GitHub\OpenChronicle\openchronicle-core\core\shared\__init__.py",".py","2"
"D:\OneDrive\GitHub\OpenChronicle\openchronicle-core\core\shared\__pycache__\database_operations.cpython-313.pyc",".pyc","85"
"D:\OneDrive\GitHub\OpenChronicle\openchronicle-core\core\shared\__pycache__\json_utilities.cpython-313.pyc",".pyc","135"
"D:\OneDrive\GitHub\OpenChronicle\openchronicle-core\core\shared\__pycache__\search_utilities.cpython-313.pyc",".pyc","284"
"D:\OneDrive\GitHub\OpenChronicle\openchronicle-core\core\shared\__pycache__\__init__.cpython-313.pyc",".pyc","2"
"D:\OneDrive\GitHub\OpenChronicle\openchronicle-core\core\timeline_systems\timeline_orchestrator.py",".py","335"
"D:\OneDrive\GitHub\OpenChronicle\openchronicle-core\core\timeline_systems\__init__.py",".py","16"
"D:\OneDrive\GitHub\OpenChronicle\openchronicle-core\core\timeline_systems\navigation\navigation_manager.py",".py","304"
"D:\OneDrive\GitHub\OpenChronicle\openchronicle-core\core\timeline_systems\navigation\__init__.py",".py","3"
"D:\OneDrive\GitHub\OpenChronicle\openchronicle-core\core\timeline_systems\rollback\state_manager.py",".py","284"
"D:\OneDrive\GitHub\OpenChronicle\openchronicle-core\core\timeline_systems\rollback\__init__.py",".py","8"
"D:\OneDrive\GitHub\OpenChronicle\openchronicle-core\core\timeline_systems\shared\fallback_navigation.py",".py","71"
"D:\OneDrive\GitHub\OpenChronicle\openchronicle-core\core\timeline_systems\shared\fallback_state.py",".py","91"
"D:\OneDrive\GitHub\OpenChronicle\openchronicle-core\core\timeline_systems\shared\fallback_timeline.py",".py","63"
"D:\OneDrive\GitHub\OpenChronicle\openchronicle-core\core\timeline_systems\shared\timeline_utilities.py",".py","135"
"D:\OneDrive\GitHub\OpenChronicle\openchronicle-core\core\timeline_systems\shared\__init__.py",".py","11"
"D:\OneDrive\GitHub\OpenChronicle\openchronicle-core\core\timeline_systems\timeline\timeline_manager.py",".py","215"
"D:\OneDrive\GitHub\OpenChronicle\openchronicle-core\core\timeline_systems\timeline\__init__.py",".py","8"
"D:\OneDrive\GitHub\OpenChronicle\openchronicle-core\core\__pycache__\bookmark_manager.cpython-313.pyc",".pyc","153"
"D:\OneDrive\GitHub\OpenChronicle\openchronicle-core\core\__pycache__\character_consistency_engine.cpython-313.pyc",".pyc","177"
"D:\OneDrive\GitHub\OpenChronicle\openchronicle-core\core\__pycache__\character_interaction_engine.cpython-313.pyc",".pyc","338"
"D:\OneDrive\GitHub\OpenChronicle\openchronicle-core\core\__pycache__\character_stat_engine.cpython-313.pyc",".pyc","409"
"D:\OneDrive\GitHub\OpenChronicle\openchronicle-core\core\__pycache__\character_style_manager.cpython-313.pyc",".pyc","161"
"D:\OneDrive\GitHub\OpenChronicle\openchronicle-core\core\__pycache__\content_analyzer.cpython-313.pyc",".pyc","832"
"D:\OneDrive\GitHub\OpenChronicle\openchronicle-core\core\__pycache__\context_builder.cpython-313.pyc",".pyc","341"
"D:\OneDrive\GitHub\OpenChronicle\openchronicle-core\core\__pycache__\database.cpython-313.pyc",".pyc","300"
"D:\OneDrive\GitHub\OpenChronicle\openchronicle-core\core\__pycache__\emotional_stability_engine.cpython-313.pyc",".pyc","268"
"D:\OneDrive\GitHub\OpenChronicle\openchronicle-core\core\__pycache__\image_adapter.cpython-313.pyc",".pyc","204"
"D:\OneDrive\GitHub\OpenChronicle\openchronicle-core\core\__pycache__\image_generation_engine.cpython-313.pyc",".pyc","339"
"D:\OneDrive\GitHub\OpenChronicle\openchronicle-core\core\__pycache__\intelligent_response_engine.cpython-313.pyc",".pyc","384"
"D:\OneDrive\GitHub\OpenChronicle\openchronicle-core\core\__pycache__\memory_consistency_engine.cpython-313.pyc",".pyc","295"
"D:\OneDrive\GitHub\OpenChronicle\openchronicle-core\core\__pycache__\memory_manager.cpython-313.pyc",".pyc","272"
"D:\OneDrive\GitHub\OpenChronicle\openchronicle-core\core\__pycache__\model_adapter.cpython-313.pyc",".pyc","1627"
"D:\OneDrive\GitHub\OpenChronicle\openchronicle-core\core\__pycache__\narrative_dice_engine.cpython-313.pyc",".pyc","363"
"D:\OneDrive\GitHub\OpenChronicle\openchronicle-core\core\__pycache__\rollback_engine.cpython-313.pyc",".pyc","122"
"D:\OneDrive\GitHub\OpenChronicle\openchronicle-core\core\__pycache__\scene_logger.cpython-313.pyc",".pyc","298"
"D:\OneDrive\GitHub\OpenChronicle\openchronicle-core\core\__pycache__\search_engine.cpython-313.pyc",".pyc","325"
"D:\OneDrive\GitHub\OpenChronicle\openchronicle-core\core\__pycache__\story_loader.cpython-313.pyc",".pyc","30"
"D:\OneDrive\GitHub\OpenChronicle\openchronicle-core\core\__pycache__\timeline_builder.cpython-313.pyc",".pyc","304"
"D:\OneDrive\GitHub\OpenChronicle\openchronicle-core\core\__pycache__\token_manager.cpython-313.pyc",".pyc","122"
"D:\OneDrive\GitHub\OpenChronicle\openchronicle-core\core\__pycache__\__init__.cpython-313.pyc",".pyc","2"
"D:\OneDrive\GitHub\OpenChronicle\openchronicle-core\docs\narrative_systems_architecture.md",".md","250"
"D:\OneDrive\GitHub\OpenChronicle\openchronicle-core\docs\archive\DAY_3_COMPLETION_SUMMARY.md.bak",".bak","96"
"D:\OneDrive\GitHub\OpenChronicle\openchronicle-core\docs\archive\PHASE_1_CHECKLIST.md.bak",".bak","295"
"D:\OneDrive\GitHub\OpenChronicle\openchronicle-core\docs\archive\REFACTORING_STRATEGY.md.bak",".bak","279"
"D:\OneDrive\GitHub\OpenChronicle\openchronicle-core\import\README.md",".md","66"
"D:\OneDrive\GitHub\OpenChronicle\openchronicle-core\import\BattleChasers\Profiles\Character\BattleChasers - Secondary Characters.txt",".txt","240"
"D:\OneDrive\GitHub\OpenChronicle\openchronicle-core\import\BattleChasers\Profiles\Character\BattleChasers ? Minor Characters.txt",".txt","82"
"D:\OneDrive\GitHub\OpenChronicle\openchronicle-core\import\BattleChasers\Profiles\Character\BattleChasers ? Primary Characters.txt",".txt","343"
"D:\OneDrive\GitHub\OpenChronicle\openchronicle-core\import\BattleChasers\Profiles\Location\BattleChasers ? Region Config ? Aelreth.txt",".txt","88"
"D:\OneDrive\GitHub\OpenChronicle\openchronicle-core\import\BattleChasers\Profiles\Location\BattleChasers ? Region Config ? Cindral's Fall.txt",".txt","79"
"D:\OneDrive\GitHub\OpenChronicle\openchronicle-core\import\BattleChasers\Profiles\Location\BattleChasers ? Region Config ? Emberwake.txt",".txt","77"
"D:\OneDrive\GitHub\OpenChronicle\openchronicle-core\import\BattleChasers\Profiles\Location\BattleChasers ? Region Config ? Frostfell.txt",".txt","82"
"D:\OneDrive\GitHub\OpenChronicle\openchronicle-core\import\BattleChasers\Profiles\Location\BattleChasers ? Region Config ? Olorin.txt",".txt","81"
"D:\OneDrive\GitHub\OpenChronicle\openchronicle-core\import\BattleChasers\Profiles\Location\BattleChasers ? Region Config ? The Reach Below.txt",".txt","60"
"D:\OneDrive\GitHub\OpenChronicle\openchronicle-core\import\BattleChasers\Profiles\Location\BattleChasers ? Region Config ? Veyra Isles.txt",".txt","80"
"D:\OneDrive\GitHub\OpenChronicle\openchronicle-core\import\BattleChasers\Settings\BattleChasers ? Canon Tracking Directive.txt",".txt","160"
"D:\OneDrive\GitHub\OpenChronicle\openchronicle-core\import\BattleChasers\Settings\Instructions\BattleChasers - Project Instructions.txt",".txt","60"
"D:\OneDrive\GitHub\OpenChronicle\openchronicle-core\import\BattleChasers\Style Guides\BattleChasers ? Style Guide.txt",".txt","202"
"D:\OneDrive\GitHub\OpenChronicle\openchronicle-core\import\BattleChasers\World Building\BattleChasers ? Bestiary of Vanyr.txt",".txt","127"
"D:\OneDrive\GitHub\OpenChronicle\openchronicle-core\import\BattleChasers\World Building\BattleChasers ? Field Tables & Threat Indexes.txt",".txt","245"
"D:\OneDrive\GitHub\OpenChronicle\openchronicle-core\import\BattleChasers\World Building\BattleChasers ? Guilds & Factions.txt",".txt","36"
"D:\OneDrive\GitHub\OpenChronicle\openchronicle-core\import\BattleChasers\World Building\BattleChasers ? Knightly Orders.txt",".txt","36"
"D:\OneDrive\GitHub\OpenChronicle\openchronicle-core\import\BattleChasers\World Building\BattleChasers ? Leyline Grid Overlay.txt",".txt","54"
"D:\OneDrive\GitHub\OpenChronicle\openchronicle-core\import\BattleChasers\World Building\BattleChasers ? Loot Tables of Vanyr.txt",".txt","64"
"D:\OneDrive\GitHub\OpenChronicle\openchronicle-core\import\BattleChasers\World Building\BattleChasers ? Races Guide.txt",".txt","66"
"D:\OneDrive\GitHub\OpenChronicle\openchronicle-core\import\BattleChasers\World Building\BattleChasers ? Regional Bestiary Indexes.txt",".txt","62"
"D:\OneDrive\GitHub\OpenChronicle\openchronicle-core\import\BattleChasers\World Building\BattleChasers ? Religious Orders.txt",".txt","36"
"D:\OneDrive\GitHub\OpenChronicle\openchronicle-core\import\BattleChasers\World Building\BattleChasers ? Unified Encounter Tables.txt",".txt","115"
"D:\OneDrive\GitHub\OpenChronicle\openchronicle-core\import\BattleChasers\World Building\BattleChasers ? Vanyr Calendar & Festival Guide.txt",".txt","63"
"D:\OneDrive\GitHub\OpenChronicle\openchronicle-core\import\BattleChasers\World Building\BattleChasers ? Vanyr World Compendium.txt",".txt","236"
"D:\OneDrive\GitHub\OpenChronicle\openchronicle-core\import\BattleChasers\World Building\BattleChasers ? World Map & Regions.txt",".txt","57"
"D:\OneDrive\GitHub\OpenChronicle\openchronicle-core\import\FantasyAdventure\character1.txt",".txt","1"
"D:\OneDrive\GitHub\OpenChronicle\openchronicle-core\import\FantasyAdventure\story.txt",".txt","1"
"D:\OneDrive\GitHub\OpenChronicle\openchronicle-core\import\SciFiThriller\character_nova.txt",".txt","1"
"D:\OneDrive\GitHub\OpenChronicle\openchronicle-core\import\SciFiThriller\plot.txt",".txt","1"
"D:\OneDrive\GitHub\OpenChronicle\openchronicle-core\legacy_backup_phase6\emotional_stability_engine.py",".py","570"
"D:\OneDrive\GitHub\OpenChronicle\openchronicle-core\legacy_backup_phase6\intelligent_response_engine.py",".py","995"
"D:\OneDrive\GitHub\OpenChronicle\openchronicle-core\legacy_backup_phase6\memory_consistency_engine.py",".py","698"
"D:\OneDrive\GitHub\OpenChronicle\openchronicle-core\legacy_backup_phase6\narrative_dice_engine.py",".py","796"
"D:\OneDrive\GitHub\OpenChronicle\openchronicle-core\legacy_backup_phase7a\context_builder.py",".py","766"
"D:\OneDrive\GitHub\OpenChronicle\openchronicle-core\legacy_backup_phase7a\test_context_builder.py",".py","428"
"D:\OneDrive\GitHub\OpenChronicle\openchronicle-core\legacy_backup_phase7c\database_legacy_backup.py",".py","462"
"D:\OneDrive\GitHub\OpenChronicle\openchronicle-core\legacy_backup_phase7c\scene_logger_legacy_backup.py",".py","521"
"D:\OneDrive\GitHub\OpenChronicle\openchronicle-core\legacy_backup_phase7c\search_engine_legacy_backup.py",".py","689"
"D:\OneDrive\GitHub\OpenChronicle\openchronicle-core\logs\DeepSeek_bookmark_manager.py.txt",".txt","11"
"D:\OneDrive\GitHub\OpenChronicle\openchronicle-core\logs\DeepSeek_bookmark_manager_0728.txt",".txt","8"
"D:\OneDrive\GitHub\OpenChronicle\openchronicle-core\logs\DeepSeek_character_consistency_engine_0728.txt",".txt","7"
"D:\OneDrive\GitHub\OpenChronicle\openchronicle-core\logs\DeepSeek_character_interaction_engine_0728.txt",".txt","9"
"D:\OneDrive\GitHub\OpenChronicle\openchronicle-core\logs\DeepSeek_character_stat_engine_0728.txt",".txt","2"
"D:\OneDrive\GitHub\OpenChronicle\openchronicle-core\logs\DeepSeek_character_style_manager_0728.txt",".txt","2"
"D:\OneDrive\GitHub\OpenChronicle\openchronicle-core\logs\DeepSeek_content_analyzer_0728.txt",".txt","7"
"D:\OneDrive\GitHub\OpenChronicle\openchronicle-core\logs\DeepSeek_context_builder_0728.txt",".txt","12"
"D:\OneDrive\GitHub\OpenChronicle\openchronicle-core\logs\DeepSeek_CoreAnalysis_0729.txt",".txt","8"
"D:\OneDrive\GitHub\OpenChronicle\openchronicle-core\logs\DeepSeek_database_0728.txt",".txt","1"
"D:\OneDrive\GitHub\OpenChronicle\openchronicle-core\logs\DeepSeek_emotional_stability_engine_0728.txt",".txt","13"
"D:\OneDrive\GitHub\OpenChronicle\openchronicle-core\logs\DeepSeek_image_adapter_0728.txt",".txt","10"
"D:\OneDrive\GitHub\OpenChronicle\openchronicle-core\logs\DeepSeek_image_generation_engine_0728.txt",".txt","5"
"D:\OneDrive\GitHub\OpenChronicle\openchronicle-core\logs\DeepSeek_intelligent_response_engine_0728.txt",".txt","2"
"D:\OneDrive\GitHub\OpenChronicle\openchronicle-core\logs\DeepSeek_memory_consistency_engine_0728.txt",".txt","41"
"D:\OneDrive\GitHub\OpenChronicle\openchronicle-core\logs\DeepSeek_memory_manager_0728.txt",".txt","10"
"D:\OneDrive\GitHub\OpenChronicle\openchronicle-core\logs\DeepSeek_model_adapter_0728.txt",".txt","61"
"D:\OneDrive\GitHub\OpenChronicle\openchronicle-core\logs\DeepSeek_narrative_dice_engine_0728.txt",".txt","9"
"D:\OneDrive\GitHub\OpenChronicle\openchronicle-core\logs\DeepSeek_rollback_engine_0728.txt",".txt","57"
"D:\OneDrive\GitHub\OpenChronicle\openchronicle-core\logs\DeepSeek_scene_logger_0728.txt",".txt","1"
"D:\OneDrive\GitHub\OpenChronicle\openchronicle-core\logs\DeepSeek_search_engine_0728.txt",".txt","1"
"D:\OneDrive\GitHub\OpenChronicle\openchronicle-core\logs\DeepSeek_story_loader_0728.txt",".txt","7"
"D:\OneDrive\GitHub\OpenChronicle\openchronicle-core\logs\DeepSeek_timeline_builder_0728.txt",".txt","14"
"D:\OneDrive\GitHub\OpenChronicle\openchronicle-core\logs\DeepSeek_token_manager_0728.txt",".txt","9"
"D:\OneDrive\GitHub\OpenChronicle\openchronicle-core\logs\maintenance.log",".log","39"
"D:\OneDrive\GitHub\OpenChronicle\openchronicle-core\logs\model_interactions.jsonl",".jsonl","197"
"D:\OneDrive\GitHub\OpenChronicle\openchronicle-core\logs\openchronicle.log",".log","5647"
"D:\OneDrive\GitHub\OpenChronicle\openchronicle-core\logs\openchronicle.log.1",".1","35743"
"D:\OneDrive\GitHub\OpenChronicle\openchronicle-core\logs\system_events.jsonl",".jsonl","18548"
"D:\OneDrive\GitHub\OpenChronicle\openchronicle-core\logs\test_codebase_20250717_180817.log",".log","7"
"D:\OneDrive\GitHub\OpenChronicle\openchronicle-core\logs\test_codebase_20250717_180824.log",".log","7"
"D:\OneDrive\GitHub\OpenChronicle\openchronicle-core\logs\WizardCoder13b_CoreAnalysis_0729.txt",".txt","123"
"D:\OneDrive\GitHub\OpenChronicle\openchronicle-core\logs\WizardCoder_bookmark_manager_0728.txt",".txt","1"
"D:\OneDrive\GitHub\OpenChronicle\openchronicle-core\logs\WizardCoder_character_consistency_engine_0728.txt",".txt","6"
"D:\OneDrive\GitHub\OpenChronicle\openchronicle-core\logs\WizardCoder_character_interaction_engine_0728.txt",".txt","13"
"D:\OneDrive\GitHub\OpenChronicle\openchronicle-core\logs\WizardCoder_character_stat_engine_0728.txt",".txt","7"
"D:\OneDrive\GitHub\OpenChronicle\openchronicle-core\logs\WizardCoder_character_style_manager_0728.txt",".txt","417"
"D:\OneDrive\GitHub\OpenChronicle\openchronicle-core\logs\WizardCoder_content_analyzer_0728.txt",".txt","29"
"D:\OneDrive\GitHub\OpenChronicle\openchronicle-core\logs\WizardCoder_context_builder_0728.txt",".txt","393"
"D:\OneDrive\GitHub\OpenChronicle\openchronicle-core\logs\WizardCoder_database_0728.txt",".txt","438"
"D:\OneDrive\GitHub\OpenChronicle\openchronicle-core\logs\WizardCoder_emotional_stability_engine_0728.txt",".txt","1"
"D:\OneDrive\GitHub\OpenChronicle\openchronicle-core\logs\WizardCoder_image_adapter_0728.txt",".txt","394"
"D:\OneDrive\GitHub\OpenChronicle\openchronicle-core\logs\WizardCoder_image_generation_engine_0728.txt",".txt","400"
"D:\OneDrive\GitHub\OpenChronicle\openchronicle-core\storage\performance_baseline.json",".json","7"
"D:\OneDrive\GitHub\OpenChronicle\openchronicle-core\storage\README.md",".md","87"
"D:\OneDrive\GitHub\OpenChronicle\openchronicle-core\storage\backups\config\models.json.backup.20250716_212205",".20250716_212205","189"
"D:\OneDrive\GitHub\OpenChronicle\openchronicle-core\storage\backups\config\models.json.backup.20250716_212603",".20250716_212603","189"
"D:\OneDrive\GitHub\OpenChronicle\openchronicle-core\storage\backups\config\models.json.backup.20250716_215041",".20250716_215041","189"
"D:\OneDrive\GitHub\OpenChronicle\openchronicle-core\storage\characters\char1.json",".json","8"
"D:\OneDrive\GitHub\OpenChronicle\openchronicle-core\storage\characters\char2.json",".json","8"
"D:\OneDrive\GitHub\OpenChronicle\openchronicle-core\storage\characters\persistence_test.json",".json","12"
"D:\OneDrive\GitHub\OpenChronicle\openchronicle-core\storage\characters\presentation_test.json",".json","8"
"D:\OneDrive\GitHub\OpenChronicle\openchronicle-core\storage\characters\provider_test.json",".json","8"
"D:\OneDrive\GitHub\OpenChronicle\openchronicle-core\storage\characters\stats_test.json",".json","14"
"D:\OneDrive\GitHub\OpenChronicle\openchronicle-core\storage\characters\test_char_001.json",".json","13"
"D:\OneDrive\GitHub\OpenChronicle\openchronicle-core\storage\characters\test_legacy_replacement.json",".json","8"
"D:\OneDrive\GitHub\OpenChronicle\openchronicle-core\storage\data\memory.db",".db","34"
"D:\OneDrive\GitHub\OpenChronicle\openchronicle-core\storage\data\performance\metrics_20250724.jsonl",".jsonl","41"
"D:\OneDrive\GitHub\OpenChronicle\openchronicle-core\storage\data\performance\metrics_20250725.jsonl",".jsonl","80"
"D:\OneDrive\GitHub\OpenChronicle\openchronicle-core\storage\data\performance\metrics_20250726.jsonl",".jsonl","160"
"D:\OneDrive\GitHub\OpenChronicle\openchronicle-core\storage\data\performance\metrics_20250727.jsonl",".jsonl","58"
"D:\OneDrive\GitHub\OpenChronicle\openchronicle-core\storage\data\performance\metrics_20250728.jsonl",".jsonl","25"
"D:\OneDrive\GitHub\OpenChronicle\openchronicle-core\storage\data\performance\metrics_20250731.jsonl",".jsonl","15"
"D:\OneDrive\GitHub\OpenChronicle\openchronicle-core\storage\data\performance\performance_report_20250724_201212.json",".json","41"
"D:\OneDrive\GitHub\OpenChronicle\openchronicle-core\storage\data\profiles\system_profile_20250724_195703.json",".json","149"
"D:\OneDrive\GitHub\OpenChronicle\openchronicle-core\storage\data\profiles\system_profile_20250724_195832.json",".json","300"
"D:\OneDrive\GitHub\OpenChronicle\openchronicle-core\storage\data\runtime\runtime_state.json",".json","368"
"D:\OneDrive\GitHub\OpenChronicle\openchronicle-core\storage\narrative_systems\narrative_config.json",".json","22"
"D:\OneDrive\GitHub\OpenChronicle\openchronicle-core\storage\storypacks\BattleChasers\import_analysis.json",".json","955"
"D:\OneDrive\GitHub\OpenChronicle\openchronicle-core\storage\storypacks\BattleChasers\README.md",".md","61"
"D:\OneDrive\GitHub\OpenChronicle\openchronicle-core\storage\storypacks\BattleChasers\characters\README.md",".md","16"
"D:\OneDrive\GitHub\OpenChronicle\openchronicle-core\storage\storypacks\BattleChasers\locations\README.md",".md","16"
"D:\OneDrive\GitHub\OpenChronicle\openchronicle-core\storage\storypacks\BattleChasers\lore\README.md",".md","17"
"D:\OneDrive\GitHub\OpenChronicle\openchronicle-core\storage\storypacks\demo-story\meta.json",".json","30"
"D:\OneDrive\GitHub\OpenChronicle\openchronicle-core\storage\storypacks\demo-story\style_guide.json",".json","85"
"D:\OneDrive\GitHub\OpenChronicle\openchronicle-core\storage\storypacks\demo-story\canon\history.json",".json","197"
"D:\OneDrive\GitHub\OpenChronicle\openchronicle-core\storage\storypacks\demo-story\canon\locations.json",".json","101"
"D:\OneDrive\GitHub\OpenChronicle\openchronicle-core\storage\storypacks\demo-story\characters\finn_oakshield.json",".json","66"
"D:\OneDrive\GitHub\OpenChronicle\openchronicle-core\storage\storypacks\demo-story\characters\kira_brightwell.json",".json","64"
"D:\OneDrive\GitHub\OpenChronicle\openchronicle-core\storage\storypacks\demo-story\characters\theron_lightbringer.json",".json","57"
"D:\OneDrive\GitHub\OpenChronicle\openchronicle-core\storage\storypacks\demo-story\memory\current_state.json",".json","145"
"D:\OneDrive\GitHub\OpenChronicle\openchronicle-core\storage\storypacks\FantasyAdventure\meta.json",".json","13"
"D:\OneDrive\GitHub\OpenChronicle\openchronicle-core\storage\storypacks\FantasyAdventure\README.md",".md","67"
"D:\OneDrive\GitHub\OpenChronicle\openchronicle-core\storage\storypacks\FantasyAdventure\locations\README.md",".md","16"
"D:\OneDrive\GitHub\OpenChronicle\openchronicle-core\storage\storypacks\FantasyAdventure\lore\README.md",".md","17"
"D:\OneDrive\GitHub\OpenChronicle\openchronicle-core\storage\storypacks\test_storypack_no_ai\meta.json",".json","13"
"D:\OneDrive\GitHub\OpenChronicle\openchronicle-core\storage\storypacks\test_storypack_no_ai\README.md",".md","67"
"D:\OneDrive\GitHub\OpenChronicle\openchronicle-core\storage\storypacks\test_structure\README.md",".md","61"
"D:\OneDrive\GitHub\OpenChronicle\openchronicle-core\storage\storypacks\test_structure\characters\README.md",".md","16"
"D:\OneDrive\GitHub\OpenChronicle\openchronicle-core\storage\storypacks\test_structure\locations\README.md",".md","16"
"D:\OneDrive\GitHub\OpenChronicle\openchronicle-core\storage\storypacks\test_structure\lore\README.md",".md","17"
"D:\OneDrive\GitHub\OpenChronicle\openchronicle-core\storage\temp\test_data\demo-story\openchronicle.db",".db","918"
"D:\OneDrive\GitHub\OpenChronicle\openchronicle-core\storage\temp\test_data\demo-story\logs\model_interactions.jsonl",".jsonl","3"
"D:\OneDrive\GitHub\OpenChronicle\openchronicle-core\storage\temp\test_data\integration_test\openchronicle.db",".db","205"
"D:\OneDrive\GitHub\OpenChronicle\openchronicle-core\storage\temp\test_data\integration_test\logs\model_interactions.jsonl",".jsonl","5"
"D:\OneDrive\GitHub\OpenChronicle\openchronicle-core\storage\temp\test_data\test\openchronicle.db",".db","205"
"D:\OneDrive\GitHub\OpenChronicle\openchronicle-core\storage\temp\test_data\test-story\logs\model_interactions.jsonl",".jsonl","18"
"D:\OneDrive\GitHub\OpenChronicle\openchronicle-core\storage\temp\test_data\test_path_check\openchronicle.db",".db","205"
"D:\OneDrive\GitHub\OpenChronicle\openchronicle-core\storage\temp\test_data\test_story\openchronicle.db",".db","205"
"D:\OneDrive\GitHub\OpenChronicle\openchronicle-core\storage\temp\test_data\test_story_001\openchronicle.db",".db","492"
"D:\OneDrive\GitHub\OpenChronicle\openchronicle-core\storage\temp\test_data\test_story_1753580672_94567\openchronicle.db",".db","205"
"D:\OneDrive\GitHub\OpenChronicle\openchronicle-core\storage\temp\test_data\test_story_1753635787_962075\openchronicle.db",".db","205"
"D:\OneDrive\GitHub\OpenChronicle\openchronicle-core\storage\temp\test_data\test_story_1753644145_625304\openchronicle.db",".db","205"
"D:\OneDrive\GitHub\OpenChronicle\openchronicle-core\storage\temp\test_data\test_story_1753707163_518045\openchronicle.db",".db","205"
"D:\OneDrive\GitHub\OpenChronicle\openchronicle-core\storage\temp\test_data\test_story_1754016047_151142\openchronicle.db",".db","205"
"D:\OneDrive\GitHub\OpenChronicle\openchronicle-core\storage\temp\test_data\test_story_23092\story.db",".db","0"
"D:\OneDrive\GitHub\OpenChronicle\openchronicle-core\storage\temp\test_stories\test_story_1753410088_747094\openchronicle.db",".db","205"
"D:\OneDrive\GitHub\OpenChronicle\openchronicle-core\storage\temp\test_stories\test_story_1753410089_228304\openchronicle.db",".db","205"
"D:\OneDrive\GitHub\OpenChronicle\openchronicle-core\storage\temp\test_stories\test_story_1753410089_471949\openchronicle.db",".db","205"
"D:\OneDrive\GitHub\OpenChronicle\openchronicle-core\storage\temp\test_stories\test_story_1753410089_659706\openchronicle.db",".db","205"
"D:\OneDrive\GitHub\OpenChronicle\openchronicle-core\storage\temp\test_stories\test_story_1753410089_879514\openchronicle.db",".db","205"
"D:\OneDrive\GitHub\OpenChronicle\openchronicle-core\storage\temp\test_stories\test_story_1753410090_09674\openchronicle.db",".db","205"
"D:\OneDrive\GitHub\OpenChronicle\openchronicle-core\storage\temp\test_stories\test_story_1753410090_296014\openchronicle.db",".db","205"
"D:\OneDrive\GitHub\OpenChronicle\openchronicle-core\storage\temp\test_stories\test_story_1753410090_49947\openchronicle.db",".db","205"
"D:\OneDrive\GitHub\OpenChronicle\openchronicle-core\storage\temp\test_stories\test_story_1753410090_708853\openchronicle.db",".db","205"
"D:\OneDrive\GitHub\OpenChronicle\openchronicle-core\storage\temp\test_stories\test_story_1753410090_926267\openchronicle.db",".db","205"
"D:\OneDrive\GitHub\OpenChronicle\openchronicle-core\storage\temp\test_stories\test_story_1753410091_135188\openchronicle.db",".db","205"
"D:\OneDrive\GitHub\OpenChronicle\openchronicle-core\storage\temp\test_stories\test_story_1753410091_343825\openchronicle.db",".db","205"
"D:\OneDrive\GitHub\OpenChronicle\openchronicle-core\storage\temp\test_stories\test_story_1753410091_543712\openchronicle.db",".db","205"
"D:\OneDrive\GitHub\OpenChronicle\openchronicle-core\storage\temp\test_stories\test_story_1753410091_743858\openchronicle.db",".db","205"
"D:\OneDrive\GitHub\OpenChronicle\openchronicle-core\storage\temp\test_stories\test_story_1753410091_926795\openchronicle.db",".db","205"
"D:\OneDrive\GitHub\OpenChronicle\openchronicle-core\storage\temp\test_stories\test_story_1753410092_128272\openchronicle.db",".db","205"
"D:\OneDrive\GitHub\OpenChronicle\openchronicle-core\storage\temp\test_stories\test_story_1753410092_329937\openchronicle.db",".db","205"
"D:\OneDrive\GitHub\OpenChronicle\openchronicle-core\storage\temp\test_stories\test_story_1753410092_555318\openchronicle.db",".db","205"
"D:\OneDrive\GitHub\OpenChronicle\openchronicle-core\storage\temp\test_stories\test_story_1753410092_753861\openchronicle.db",".db","205"
"D:\OneDrive\GitHub\OpenChronicle\openchronicle-core\storage\temp\test_stories\test_story_1753410092_964561\openchronicle.db",".db","208"
"D:\OneDrive\GitHub\OpenChronicle\openchronicle-core\storage\temp\test_stories\test_story_1753410189_093267\openchronicle.db",".db","205"
"D:\OneDrive\GitHub\OpenChronicle\openchronicle-core\storage\temp\test_stories\test_story_1753410189_305701\openchronicle.db",".db","205"
"D:\OneDrive\GitHub\OpenChronicle\openchronicle-core\storage\temp\test_stories\test_story_1753410358_330615\openchronicle.db",".db","205"
"D:\OneDrive\GitHub\OpenChronicle\openchronicle-core\storage\temp\test_stories\test_story_1753410388_866411\openchronicle.db",".db","205"
"D:\OneDrive\GitHub\OpenChronicle\openchronicle-core\storage\temp\test_stories\test_story_1753411917_858532\openchronicle.db",".db","205"
"D:\OneDrive\GitHub\OpenChronicle\openchronicle-core\storage\temp\test_stories\test_story_1753411918_738044\openchronicle.db",".db","205"
"D:\OneDrive\GitHub\OpenChronicle\openchronicle-core\storage\temp\test_stories\test_story_1753480533_912165\openchronicle.db",".db","205"
"D:\OneDrive\GitHub\OpenChronicle\openchronicle-core\storage\temp\test_stories\test_story_1753480944_330757\openchronicle.db",".db","205"
"D:\OneDrive\GitHub\OpenChronicle\openchronicle-core\storage\temp\test_stories\test_story_1753492844_586479\openchronicle.db",".db","205"
"D:\OneDrive\GitHub\OpenChronicle\openchronicle-core\storage\temp\test_stories\test_story_1753495845_798261\openchronicle.db",".db","205"
"D:\OneDrive\GitHub\OpenChronicle\openchronicle-core\storage\temp\test_stories\test_story_1753497008_069556\openchronicle.db",".db","205"
"D:\OneDrive\GitHub\OpenChronicle\openchronicle-core\storage\temp\test_stories\test_story_1753497979_176902\openchronicle.db",".db","205"
"D:\OneDrive\GitHub\OpenChronicle\openchronicle-core\storage\temp\test_stories\test_story_1753498283_39574\openchronicle.db",".db","205"
"D:\OneDrive\GitHub\OpenChronicle\openchronicle-core\storage\temp\test_stories\test_story_1753498760_054296\openchronicle.db",".db","205"
"D:\OneDrive\GitHub\OpenChronicle\openchronicle-core\storage\temp\test_stories\test_story_1753504674_525222\openchronicle.db",".db","205"
"D:\OneDrive\GitHub\OpenChronicle\openchronicle-core\storage\temp\test_stories\test_story_1753507039_943644\openchronicle.db",".db","205"
"D:\OneDrive\GitHub\OpenChronicle\openchronicle-core\storage\temp\test_stories\test_story_1753511220_593862\openchronicle.db",".db","205"
"D:\OneDrive\GitHub\OpenChronicle\openchronicle-core\storage\temp\test_stories\test_story_1753512132_5622\openchronicle.db",".db","205"
"D:\OneDrive\GitHub\OpenChronicle\openchronicle-core\storage\temp\test_stories\test_story_1753512533_588971\openchronicle.db",".db","205"
"D:\OneDrive\GitHub\OpenChronicle\openchronicle-core\storage\temp\test_stories\test_story_1753539625_002845\openchronicle.db",".db","205"
"D:\OneDrive\GitHub\OpenChronicle\openchronicle-core\templates\character_template.json",".json","272"
"D:\OneDrive\GitHub\OpenChronicle\openchronicle-core\templates\chatbot_template.json",".json","107"
"D:\OneDrive\GitHub\OpenChronicle\openchronicle-core\templates\content_template.json",".json","262"
"D:\OneDrive\GitHub\OpenChronicle\openchronicle-core\templates\instructions_template.json",".json","80"
"D:\OneDrive\GitHub\OpenChronicle\openchronicle-core\templates\location_template.json",".json","72"
"D:\OneDrive\GitHub\OpenChronicle\openchronicle-core\templates\meta_template.json",".json","76"
"D:\OneDrive\GitHub\OpenChronicle\openchronicle-core\templates\narrative_template.json",".json","204"
"D:\OneDrive\GitHub\OpenChronicle\openchronicle-core\templates\README.md",".md","141"
"D:\OneDrive\GitHub\OpenChronicle\openchronicle-core\templates\scene_template.json",".json","83"
"D:\OneDrive\GitHub\OpenChronicle\openchronicle-core\templates\style_guide_template.json",".json","88"
"D:\OneDrive\GitHub\OpenChronicle\openchronicle-core\templates\world_template.json",".json","174"
"D:\OneDrive\GitHub\OpenChronicle\openchronicle-core\tests\conftest.py",".py","107"
"D:\OneDrive\GitHub\OpenChronicle\openchronicle-core\tests\debug_character_init.py",".py","100"
"D:\OneDrive\GitHub\OpenChronicle\openchronicle-core\tests\debug_component_interaction.py",".py","116"
"D:\OneDrive\GitHub\OpenChronicle\openchronicle-core\tests\test_backup_system.py",".py","91"
"D:\OneDrive\GitHub\OpenChronicle\openchronicle-core\tests\test_bookmark_manager.py",".py","393"
"D:\OneDrive\GitHub\OpenChronicle\openchronicle-core\tests\test_character_management_integration.py",".py","473"
"D:\OneDrive\GitHub\OpenChronicle\openchronicle-core\tests\test_character_management_system.py",".py","298"
"D:\OneDrive\GitHub\OpenChronicle\openchronicle-core\tests\test_codebase.py",".py","479"
"D:\OneDrive\GitHub\OpenChronicle\openchronicle-core\tests\test_configuration_manager.py",".py","553"
"D:\OneDrive\GitHub\OpenChronicle\openchronicle-core\tests\test_content_analyzer.py",".py","290"
"D:\OneDrive\GitHub\OpenChronicle\openchronicle-core\tests\test_content_classification.py",".py","247"
"D:\OneDrive\GitHub\OpenChronicle\openchronicle-core\tests\test_context_builder.py",".py","428"
"D:\OneDrive\GitHub\OpenChronicle\openchronicle-core\tests\test_database.py",".py","254"
"D:\OneDrive\GitHub\OpenChronicle\openchronicle-core\tests\test_dynamic_integration.py",".py","221"
"D:\OneDrive\GitHub\OpenChronicle\openchronicle-core\tests\test_dynamic_models.py",".py","144"
"D:\OneDrive\GitHub\OpenChronicle\openchronicle-core\tests\test_dynamic_ollama_discovery.py",".py","221"
"D:\OneDrive\GitHub\OpenChronicle\openchronicle-core\tests\test_dynamic_registry_manager.py",".py","363"
"D:\OneDrive\GitHub\OpenChronicle\openchronicle-core\tests\test_emotional_stability_engine.py",".py","402"
"D:\OneDrive\GitHub\OpenChronicle\openchronicle-core\tests\test_image_generation_engine.py",".py","580"
"D:\OneDrive\GitHub\OpenChronicle\openchronicle-core\tests\test_intelligent_response_engine.py",".py","506"
"D:\OneDrive\GitHub\OpenChronicle\openchronicle-core\tests\test_mechanics_system.py",".py","269"
"D:\OneDrive\GitHub\OpenChronicle\openchronicle-core\tests\test_memory_consistency_engine.py",".py","549"
"D:\OneDrive\GitHub\OpenChronicle\openchronicle-core\tests\test_memory_manager.py",".py","133"
"D:\OneDrive\GitHub\OpenChronicle\openchronicle-core\tests\test_model_adapter.py",".py","535"
"D:\OneDrive\GitHub\OpenChronicle\openchronicle-core\tests\test_model_adapter_registry.py",".py","0"
"D:\OneDrive\GitHub\OpenChronicle\openchronicle-core\tests\test_model_management.py",".py","626"
"D:\OneDrive\GitHub\OpenChronicle\openchronicle-core\tests\test_model_orchestrator.py",".py","388"
"D:\OneDrive\GitHub\OpenChronicle\openchronicle-core\tests\test_modular_adapters_poc.py",".py","142"
"D:\OneDrive\GitHub\OpenChronicle\openchronicle-core\tests\test_narrative_dice_engine.py",".py","594"
"D:\OneDrive\GitHub\OpenChronicle\openchronicle-core\tests\test_performance_monitor.py",".py","422"
"D:\OneDrive\GitHub\OpenChronicle\openchronicle-core\tests\test_phase2_registry_system.py",".py","323"
"D:\OneDrive\GitHub\OpenChronicle\openchronicle-core\tests\test_phase_6_day_4_5_completion.py",".py","337"
"D:\OneDrive\GitHub\OpenChronicle\openchronicle-core\tests\test_registry_framework.py",".py","327"
"D:\OneDrive\GitHub\OpenChronicle\openchronicle-core\tests\test_rollback_engine.py",".py","289"
"D:\OneDrive\GitHub\OpenChronicle\openchronicle-core\tests\test_scene_labeling.py",".py","754"
"D:\OneDrive\GitHub\OpenChronicle\openchronicle-core\tests\test_scene_logger.py",".py","226"
"D:\OneDrive\GitHub\OpenChronicle\openchronicle-core\tests\test_search_engine.py",".py","873"
"D:\OneDrive\GitHub\OpenChronicle\openchronicle-core\tests\test_shared_database_operations.py",".py","63"
"D:\OneDrive\GitHub\OpenChronicle\openchronicle-core\tests\test_shared_json_utilities.py",".py","296"
"D:\OneDrive\GitHub\OpenChronicle\openchronicle-core\tests\test_shared_search_utilities.py",".py","642"
"D:\OneDrive\GitHub\OpenChronicle\openchronicle-core\tests\test_standalone.py",".py","430"
"D:\OneDrive\GitHub\OpenChronicle\openchronicle-core\tests\test_storypack_importer.py",".py","423"
"D:\OneDrive\GitHub\OpenChronicle\openchronicle-core\tests\test_story_loader.py",".py","104"
"D:\OneDrive\GitHub\OpenChronicle\openchronicle-core\tests\test_timeline_builder.py",".py","167"
"D:\OneDrive\GitHub\OpenChronicle\openchronicle-core\tests\test_token_manager.py",".py","146"
"D:\OneDrive\GitHub\OpenChronicle\openchronicle-core\tests\test_transformer_classification.py",".py","297"
"D:\OneDrive\GitHub\OpenChronicle\openchronicle-core\tests\test_utils.py",".py","286"
"D:\OneDrive\GitHub\OpenChronicle\openchronicle-core\tests\validate_phase_4_2.py",".py","190"
"D:\OneDrive\GitHub\OpenChronicle\openchronicle-core\tests\validate_phase_4_3.py",".py","344"
"D:\OneDrive\GitHub\OpenChronicle\openchronicle-core\tests\validate_phase_4_3_simple.py",".py","250"
"D:\OneDrive\GitHub\OpenChronicle\openchronicle-core\tests\__init__.py",".py","22"
"D:\OneDrive\GitHub\OpenChronicle\openchronicle-core\tests\logs\maintenance.log",".log","4"
"D:\OneDrive\GitHub\OpenChronicle\openchronicle-core\tests\logs\model_interactions.jsonl",".jsonl","52"
"D:\OneDrive\GitHub\OpenChronicle\openchronicle-core\tests\logs\openchronicle.log",".log","14318"
"D:\OneDrive\GitHub\OpenChronicle\openchronicle-core\tests\logs\system_events.jsonl",".jsonl","8726"
"D:\OneDrive\GitHub\OpenChronicle\openchronicle-core\tests\logs\test_codebase_20250717_183211.log",".log","124"
"D:\OneDrive\GitHub\OpenChronicle\openchronicle-core\tests\mocks\mock_adapters.py",".py","284"
"D:\OneDrive\GitHub\OpenChronicle\openchronicle-core\tests\mocks\test_registry.json",".json","151"
"D:\OneDrive\GitHub\OpenChronicle\openchronicle-core\tests\mocks\__init__.py",".py","25"
"D:\OneDrive\GitHub\OpenChronicle\openchronicle-core\tests\mocks\__pycache__\mock_adapters.cpython-313.pyc",".pyc","102"
"D:\OneDrive\GitHub\OpenChronicle\openchronicle-core\tests\mocks\__pycache__\__init__.cpython-313.pyc",".pyc","13"
"D:\OneDrive\GitHub\OpenChronicle\openchronicle-core\tests\__pycache__\conftest.cpython-313-pytest-8.4.1.pyc",".pyc","64"
"D:\OneDrive\GitHub\OpenChronicle\openchronicle-core\tests\__pycache__\test_backup_system.cpython-313-pytest-8.4.1.pyc",".pyc","72"
"D:\OneDrive\GitHub\OpenChronicle\openchronicle-core\tests\__pycache__\test_bookmark_manager.cpython-313-pytest-8.4.1.pyc",".pyc","339"
"D:\OneDrive\GitHub\OpenChronicle\openchronicle-core\tests\__pycache__\test_character_consistency_engine.cpython-313-pytest-8.4.1.pyc",".pyc","208"
"D:\OneDrive\GitHub\OpenChronicle\openchronicle-core\tests\__pycache__\test_character_interaction_engine.cpython-313-pytest-8.4.1.pyc",".pyc","252"
"D:\OneDrive\GitHub\OpenChronicle\openchronicle-core\tests\__pycache__\test_character_stat_engine.cpython-313-pytest-8.4.1.pyc",".pyc","733"
"D:\OneDrive\GitHub\OpenChronicle\openchronicle-core\tests\__pycache__\test_character_style_manager.cpython-313-pytest-8.4.1.pyc",".pyc","134"
"D:\OneDrive\GitHub\OpenChronicle\openchronicle-core\tests\__pycache__\test_codebase.cpython-313-pytest-8.4.1.pyc",".pyc","291"
"D:\OneDrive\GitHub\OpenChronicle\openchronicle-core\tests\__pycache__\test_content_analyzer.cpython-313-pytest-8.4.1.pyc",".pyc","425"
"D:\OneDrive\GitHub\OpenChronicle\openchronicle-core\tests\__pycache__\test_content_classification.cpython-313-pytest-8.4.1.pyc",".pyc","106"
"D:\OneDrive\GitHub\OpenChronicle\openchronicle-core\tests\__pycache__\test_context_builder.cpython-313-pytest-8.4.1.pyc",".pyc","401"
"D:\OneDrive\GitHub\OpenChronicle\openchronicle-core\tests\__pycache__\test_database.cpython-313-pytest-8.4.1.pyc",".pyc","224"
"D:\OneDrive\GitHub\OpenChronicle\openchronicle-core\tests\__pycache__\test_dynamic_integration.cpython-313-pytest-8.4.1.pyc",".pyc","149"
"D:\OneDrive\GitHub\OpenChronicle\openchronicle-core\tests\__pycache__\test_dynamic_models.cpython-313-pytest-8.4.1.pyc",".pyc","117"
"D:\OneDrive\GitHub\OpenChronicle\openchronicle-core\tests\__pycache__\test_dynamic_ollama_discovery.cpython-313-pytest-8.4.1.pyc",".pyc","164"
"D:\OneDrive\GitHub\OpenChronicle\openchronicle-core\tests\__pycache__\test_emotional_stability_engine.cpython-313-pytest-8.4.1.pyc",".pyc","141"
"D:\OneDrive\GitHub\OpenChronicle\openchronicle-core\tests\__pycache__\test_image_generation_engine.cpython-313-pytest-8.4.1.pyc",".pyc","614"
"D:\OneDrive\GitHub\OpenChronicle\openchronicle-core\tests\__pycache__\test_intelligent_response_engine.cpython-313-pytest-8.4.1.pyc",".pyc","833"
"D:\OneDrive\GitHub\OpenChronicle\openchronicle-core\tests\__pycache__\test_memory_consistency_engine.cpython-313-pytest-8.4.1.pyc",".pyc","703"
"D:\OneDrive\GitHub\OpenChronicle\openchronicle-core\tests\__pycache__\test_memory_manager.cpython-313-pytest-8.4.1.pyc",".pyc","146"
"D:\OneDrive\GitHub\OpenChronicle\openchronicle-core\tests\__pycache__\test_model_adapter.cpython-313-pytest-8.4.1.pyc",".pyc","729"
"D:\OneDrive\GitHub\OpenChronicle\openchronicle-core\tests\__pycache__\test_model_adapter_registry.cpython-313-pytest-8.4.1.pyc",".pyc","2"
"D:\OneDrive\GitHub\OpenChronicle\openchronicle-core\tests\__pycache__\test_model_management.cpython-313-pytest-8.4.1.pyc",".pyc","616"
"D:\OneDrive\GitHub\OpenChronicle\openchronicle-core\tests\__pycache__\test_modular_adapters_poc.cpython-313-pytest-8.4.1.pyc",".pyc","170"
"D:\OneDrive\GitHub\OpenChronicle\openchronicle-core\tests\__pycache__\test_narrative_dice_engine.cpython-313-pytest-8.4.1.pyc",".pyc","733"
"D:\OneDrive\GitHub\OpenChronicle\openchronicle-core\tests\__pycache__\test_phase2_registry_system.cpython-313-pytest-8.4.1.pyc",".pyc","256"
"D:\OneDrive\GitHub\OpenChronicle\openchronicle-core\tests\__pycache__\test_registry_framework.cpython-313-pytest-8.4.1.pyc",".pyc","326"
"D:\OneDrive\GitHub\OpenChronicle\openchronicle-core\tests\__pycache__\test_rollback_engine.cpython-313-pytest-8.4.1.pyc",".pyc","392"
"D:\OneDrive\GitHub\OpenChronicle\openchronicle-core\tests\__pycache__\test_scene_labeling.cpython-313-pytest-8.4.1.pyc",".pyc","309"
"D:\OneDrive\GitHub\OpenChronicle\openchronicle-core\tests\__pycache__\test_scene_logger.cpython-313-pytest-8.4.1.pyc",".pyc","188"
"D:\OneDrive\GitHub\OpenChronicle\openchronicle-core\tests\__pycache__\test_search_engine.cpython-313-pytest-8.4.1.pyc",".pyc","297"
"D:\OneDrive\GitHub\OpenChronicle\openchronicle-core\tests\__pycache__\test_shared_database_operations.cpython-313-pytest-8.4.1.pyc",".pyc","90"
"D:\OneDrive\GitHub\OpenChronicle\openchronicle-core\tests\__pycache__\test_shared_json_utilities.cpython-313-pytest-8.4.1.pyc",".pyc","260"
"D:\OneDrive\GitHub\OpenChronicle\openchronicle-core\tests\__pycache__\test_shared_search_utilities.cpython-313-pytest-8.4.1.pyc",".pyc","637"
"D:\OneDrive\GitHub\OpenChronicle\openchronicle-core\tests\__pycache__\test_standalone.cpython-313-pytest-8.4.1.pyc",".pyc","294"
"D:\OneDrive\GitHub\OpenChronicle\openchronicle-core\tests\__pycache__\test_storypack_importer.cpython-313-pytest-8.4.1.pyc",".pyc","371"
"D:\OneDrive\GitHub\OpenChronicle\openchronicle-core\tests\__pycache__\test_story_loader.cpython-313-pytest-8.4.1.pyc",".pyc","103"
"D:\OneDrive\GitHub\OpenChronicle\openchronicle-core\tests\__pycache__\test_timeline_builder.cpython-313-pytest-8.4.1.pyc",".pyc","217"
"D:\OneDrive\GitHub\OpenChronicle\openchronicle-core\tests\__pycache__\test_token_manager.cpython-313-pytest-8.4.1.pyc",".pyc","165"
"D:\OneDrive\GitHub\OpenChronicle\openchronicle-core\tests\__pycache__\test_transformer_classification.cpython-313-pytest-8.4.1.pyc",".pyc","115"
"D:\OneDrive\GitHub\OpenChronicle\openchronicle-core\tests\__pycache__\test_utils.cpython-313-pytest-8.4.1.pyc",".pyc","135"
"D:\OneDrive\GitHub\OpenChronicle\openchronicle-core\tests\__pycache__\__init__.cpython-313.pyc",".pyc","18"
"D:\OneDrive\GitHub\OpenChronicle\openchronicle-core\utilities\api_key_manager.py",".py","522"
"D:\OneDrive\GitHub\OpenChronicle\openchronicle-core\utilities\backup_manager.py",".py","509"
"D:\OneDrive\GitHub\OpenChronicle\openchronicle-core\utilities\cleanup_storage.py",".py","370"
"D:\OneDrive\GitHub\OpenChronicle\openchronicle-core\utilities\logging_system.py",".py","278"
"D:\OneDrive\GitHub\OpenChronicle\openchronicle-core\utilities\maintenance.py",".py","395"
"D:\OneDrive\GitHub\OpenChronicle\openchronicle-core\utilities\optimize_database.py",".py","404"
"D:\OneDrive\GitHub\OpenChronicle\openchronicle-core\utilities\performance_monitor.py",".py","907"
"D:\OneDrive\GitHub\OpenChronicle\openchronicle-core\utilities\README.md",".md","392"
"D:\OneDrive\GitHub\OpenChronicle\openchronicle-core\utilities\storypack_importer.py",".py","1370"
"D:\OneDrive\GitHub\OpenChronicle\openchronicle-core\utilities\system_profiler.py",".py","646"
"D:\OneDrive\GitHub\OpenChronicle\openchronicle-core\utilities\__pycache__\api_key_manager.cpython-313.pyc",".pyc","223"
"D:\OneDrive\GitHub\OpenChronicle\openchronicle-core\utilities\__pycache__\backup_manager.cpython-313.pyc",".pyc","217"
"D:\OneDrive\GitHub\OpenChronicle\openchronicle-core\utilities\__pycache__\cleanup_storage.cpython-313.pyc",".pyc","149"
"D:\OneDrive\GitHub\OpenChronicle\openchronicle-core\utilities\__pycache__\logging_system.cpython-313.pyc",".pyc","136"
"D:\OneDrive\GitHub\OpenChronicle\openchronicle-core\utilities\__pycache__\performance_monitor.cpython-313.pyc",".pyc","403"
"D:\OneDrive\GitHub\OpenChronicle\openchronicle-core\utilities\__pycache__\simple_keystore.cpython-313.pyc",".pyc","110"
"D:\OneDrive\GitHub\OpenChronicle\openchronicle-core\utilities\__pycache__\storypack_importer.cpython-313.pyc",".pyc","645"
"D:\OneDrive\GitHub\OpenChronicle\openchronicle-core\__pycache__\main.cpython-313.pyc",".pyc","420"
